T,TM,Tm,H,PP,VV,V,VM,PM25
33.2,40.5,24,39,0,5,5.4,14.8,127
33.1,39.3,26.4,39,0,5,8.9,16.5,133
33.3,40,26.8,40,0,5,5,14.8,157
34.6,41.8,24.4,30,0,5,6.1,11.1,131
33.3,41.2,24.4,37,0,5,8.7,13,126
33.3,40.6,24.8,40,0,5.1,10.2,14.8,117
37.4,43.2,28.8,17,0,5,7.4,14.8,135
35.4,40.2,26.4,25,0,5.1,3.7,13,118
35.8,41.5,26.5,24,0,5,6.1,14.8,115
34.2,40.2,25.4,28,0,5,6.5,11.1,97
34.4,40.6,25.4,28,0,5,6.1,11.1,99
35.9,41.4,26,21,0,4.8,6.3,9.4,101
35.5,42.1,25.8,19,0,5,3.7,7.6,103
34.8,40.8,25.6,34,0,5,3.7,11.1,116
33.8,40.4,23.4,37,0,5,3.7,5.4,108
33.4,38.1,27.4,29,0,5,7.8,20.6,120
35.7,42,26.5,22,0,5,4.1,11.1,112
35.1,40.9,25,24,0,5,5.4,11.1,94
33.2,40.2,24.1,22,0,5,3.9,11.1,111
34.2,40.8,23.2,23,0,5,2,7.6,122
34,40.2,23.5,24,0,4.8,3.3,9.4,137
34.4,41,23.3,26,0,4.8,4.1,7.6,115
33.1,41.1,21.4,22,0,4.8,2.6,11.1,141
34.3,40.7,21.7,20,0,4.8,4.4,11.1,142
33.6,40.6,22.6,25,0,5,3.1,7.6,130
33.8,40.2,20.8,22,0,5,3,9.4,128
32.4,40,21.3,23,0,4.8,3.7,13,131
33.9,40,25.2,33.8,0,5,7.6,14,115
33.2,40,23.8,26,0,5.1,4.3,11.1,107
32.7,39,22.1,40,0,5.1,2.8,7.6,130
31.5,38,24.2,32,0,5,5.4,14.8,133
28.8,35.5,15,42,0,5,4.1,11.1,149
23.2,26.5,18,68,0.25,4.3,4.1,18.3,115
27.9,34.2,17.8,45,0,4.8,4.4,14.8,130
28.1,34.2,18.3,46,0,4.8,2.4,9.4,147
26.1,34.2,17.6,49,0,4.5,2.2,7.6,151
27.7,34,15.7,33,0,4.7,3,9.4,137
26.6,33,15.5,40,0,4.7,4.1,11.1,148
26.1,32.3,18.6,47,0,4.5,4.1,7.6,150
26.1,32.3,15.9,60,0,4.2,3,11.1,144
24.8,30.8,14.3,46,0,4.3,3.1,11.1,159
25.9,31,18,55,0,4.3,1.3,5.4,46
25.8,31,19,52,0,4.8,3.1,7.6,63
26,32,20,57,0,4.3,2.2,7.6,64
26.6,32,21,63,0,4.5,2,7.6,65
27.1,32,22,64,0,4.5,2.4,7.6,46
24.8,30,22,87,0,2.9,4.6,9.4,89
25.6,31,18,60,0,4,2.4,7.6,41
27.3,31,23,79,0,6,4.8,9.4,85
25.8,28,23,81,0,5.6,8.5,14.8,67
25.3,29,23,81,0,6,7.8,16.5,79
27.2,30,21.2,74,0,5.8,2.8,7.6,73
26.3,29,22,74,0,5.6,4.3,11.1,58
26.1,30.9,20,65.2,0,4.5,2.8,8.3,43
25.4,31,17,56,0,5,1.3,7.6,82
25.8,30,17,52,0,4.7,1.9,7.6,84
24.7,30,18,56,0,4.7,1.1,7.6,62
24.6,30,18,60,0,5.1,0.9,3.5,81
26.9,31,23,66,0,5.8,9.3,13,85
27.2,31,23,68,0,5.6,6.5,11.1,59
28.1,32,24,67,0,5.6,5,11.1,77
28.6,33,24,65,0,5.8,4.1,13,99
26.7,32,22,71,0,5.8,6.7,11.1,102
25.1,27,22,81,0,5.6,9.8,14.8,100
24.4,27,22,85,0,4.5,10.4,18.3,81
25.6,29,21.2,81,1.02,5.1,13.1,18.3,97
25.5,28.3,22.5,84.4,9.91,4.9,5.6,11.4,108
25.1,28,22,87,0,4.2,3,9.4,70
30.2,35,26,59,0,6,5.4,16.5,57
29.3,34,23,57,0,5.8,6.7,9.4,87
28.6,33,23,61,0,6,9.8,18.3,102
27.7,31,24,70,0,5.5,10.6,14.8,90
27.2,30,23,69,0,5.8,6.5,11.1,106
27.2,32,23,67,0,5.6,10.4,14.8,90
30.1,35,24,61,0,5.8,9.3,14.8,87
28.8,34,24,64,0,5.3,9.6,18.3,100
28.8,33,23,64,0,5.5,4.1,7.6,118
25.9,34.9,21.5,76,6.1,3.1,4.8,13,89
26.8,30.1,23.4,76.9,6.61,5.3,7.8,14.2,86
26,30,23,76,0,5.8,10.9,16.5,93
25.9,29,23,81,0,6,12.2,18.3,86
25.3,27,23,85,0,5.3,9.6,14.8,94
33.6,38,26,42,0,6,5,11.1,90
32.1,38,25,44,0,6,5.7,9.4,97
33.6,39,25,44,0,5.5,3,7.6,87
32.4,37,27,48,0,5.8,3.7,7.6,72
28.3,37,20.9,56,0,5.1,2.8,5.4,79
30.1,37,22,47,0,4.8,6.5,14.8,90
31.8,37,25,36,0,5.8,4.6,9.4,70
27.5,32.3,23.2,70.2,6.1,5,8.3,15.5,70
25.8,28,23,78,0,4.5,5.7,9.4,113
28.8,36,19,41,0,5,4.3,7.6,123
29.3,34,24,42,0,4.8,3.7,14.8,153
33.1,38,26,23,0,5.5,4.4,7.6,124
33.6,38,27,22,0,5.3,5.4,14.8,113
33.1,39,24,25,0,4.7,3.5,11.1,105
32,38,24,38,0,5.5,3.9,11.1,136
30.6,37,23,35,0,5,4.1,11.1,106
30.8,38,22,32,0,5.3,5.2,11.1,125
31.3,37,25,47.5,0,5.5,6.8,13.4,228
29.7,36,25,53,0,5.6,10.9,16.5,132
32.4,39,25,35,0,5.8,11.5,18.3,134
33.1,38,26,39,0,5.5,7.2,14.8,134
33,38,26,34,0,5.6,5.7,11.1,114
30.6,36,22.5,45,0,5.5,6.1,9.4,127
28.7,36,19,48,0,4.7,4.1,14.8,139
27.8,34,20,50,0,4.5,2,11.1,142
28.1,34,22,52,0,5.5,6.5,14.8,273
29.7,36,19,33,0,5.5,3.5,11.1,91
28.4,36,21,32,0,5.5,3.1,11.1,98
28.1,36,18.5,32,0,4.7,4.3,9.4,91
27.7,36,19,30,0,4.3,3.7,11.1,133
29.1,36,22,31,0,5,3.9,11.1,125
29.3,35,23,38,0,4.3,1.3,7.6,125
32.1,38.1,24.1,31.8,0,5.2,4,11.2,122
32.8,39,24,39,0,5.3,7,24.1,115
33.2,39,23,34,0,5.6,2,7.6,133
34.4,40,27,29,0,6,2.6,11.1,124
33.1,39,26,33,0,5.5,5.6,13,142
33.2,38,25,36,0,5.5,4.1,14.8,108
22.1,31,11,34,0,3.9,2.2,7.6,121
22.1,29,12,34,0,3.7,5,11.1,123
21.5,29,13,37,0,4.5,2.8,11.1,117
23.1,30,14,32,0,4.3,2.4,11.1,94
23.3,31,15,35,0,3.2,4.6,11.1,99
22.9,30,16,43,0,2.7,1.9,11.1,112
29.3,36,20.9,42.3,0,4.6,4,12,132
30.2,39,22,28,0,5.1,3.3,9.4,119
30.3,38,20,46,0,4.8,3.9,11.1,126
29.1,34,22,61,0,3.2,5.4,14.8,1
24.6,30,17,56,0,3.7,3.5,11.1,122
23.3,31,16,54,0,3.9,2,7.6,128
23.4,31,17,58,0,3.7,1.5,7.6,95
22.6,26.7,21,79,0,3.1,4.8,11.1,138
22.3,28,17,60,0,1.6,3.7,9.4,125
22.7,27,17,65,0,1.9,4.4,11.1,98
22.5,28,15,65,0,2.6,6.7,14.8,119
24.6,31.2,16.3,40.8,0,3.8,3.6,10.8,256
28.2,35,21,37,0,4.7,2,3.5,110
27.2,34,16,36,0,4.7,2.2,7.6,77
26.7,34,17,40,0,3.9,0.9,7.6,73
25.4,32,17,47,0,3.9,3.3,11.1,130
25.8,30,21,48,0,3.1,6.1,14.8,141
26.1,32,20,43,0,3.1,3.9,11.1,149
24.8,32,17,46,0,2.7,1.7,7.6,152
22.8,27,19,68,0,2.7,1.9,3.5,175
22.7,30,15,50,0,4.7,2.2,9.4,149
21.9,30,14,48,0,4.8,2.4,11.1,130
22.6,30,13,43,0,4.3,2.6,13,135
22.6,30,15,52,0,3.7,1.9,14.8,124
24,30,16,53,0,3.5,2.2,9.4,139
25.4,30,19,60,0,4.3,3.1,9.4,151
23.6,29.6,17,58.2,0,3.1,3.1,9.9,141
22.4,29,15,46,0,3.1,2.6,14.8,127
22.9,31,15,52,0,3.5,0.4,3.5,109
24.6,31,17,47,0,3.2,2,7.6,120
22.7,31.3,15.5,56,0,3.2,1.1,5.4,119
24.7,30,17,54,0,3.9,3.3,11.1,121
25.6,30,19,56,0,3.7,2.8,9.4,121
22.9,30,13,43,0,2.6,2.2,14.8,96
23.2,30,15,41,0,3.1,3.7,14.8,114
24.3,31,15,46,0,3.5,2,11.1,115
26.1,31,17,45,0,3.1,4.1,11.1,136
25.7,32,18,51,0,2.4,2.6,9.4,132
25.8,31,19,52,0,3.2,1.7,7.6,135
22.3,28.6,14.8,54.1,0,3.8,2.5,10.1,168
21.4,27,15,64,0,2.4,6.5,14.8,159
23,30,14,52,0,3.7,2.2,7.6,123
20.2,28,12,58,0,4.5,0.4,3.5,118
21.1,28,11,52,0,4.2,2.4,9.4,114
20.4,27,10,39,0,4.3,2.6,11.1,97
20.9,27.2,13,52,0,3.7,3.1,11.1,94
21.9,27,16,62,0,3.5,3.9,14.8,115
23.3,29,17,62,0,3.4,2.4,11.1,111
27.3,31,24,61,0,4,1.7,7.6,99
28.2,32,21.4,67,0,5,4.8,11.1,105
26.7,32,23,76,0,5.3,4.4,7.6,95
27.1,31,23,75,0,4.3,4.4,11.1,100
24.6,30.3,17.1,54.5,0,3.4,3.1,10.6,94
23.1,28,19,59,0,4,9.1,14.8,66
24,31,15,42,0,3.5,4.8,9.4,82
22.4,29,15,51,0,3.4,5,16.5,118
26.2,31,20,61,0,3.7,2.2,5.4,77
26.7,31,21,60,0,4.2,1.9,7.6,80
26.6,32,20,63,0,3.7,3.7,14.8,81
25.8,31,18.6,58,0,3.5,1.5,11.1,75
27.9,33,23,76,0,4.3,2.2,7.6,59
26.1,29,23,83,0,5,13,27.8,70
26.8,29,25,74,0.25,4.8,8.3,14.8,60
27.7,30,23,76,0,4.2,2.4,7.6,52
26.5,30,24,80,0,6,8.1,13,64
27.1,30,23,78,0,5.8,10.4,16.5,59
27.4,30,24,76,0,6,9.1,14.8,56
26.7,30.7,22.7,81.3,3.05,4.6,4.9,9.5,65
26.2,30,21,72,0,5.3,4.6,9.4,69
28.5,33,22,76,0,4.7,5.4,9.4,67
27.2,30,24,77,0,5.5,7,14.8,56
27.3,32,23,77,0,5.6,8.1,16.5,57
27.8,31,24,75,0,5.8,9.1,11.1,57
28.2,32,24,72,0,5.8,7.2,13,57
25.5,28.3,22.6,85.9,1.02,5,9.1,14.5,65
26.1,30,22,84,0,5.3,7.4,11.1,66
28.1,31,20.4,75,0,5.5,6.1,9.4,70
28.3,33,24,65,0,6,8.9,14.8,71
26.7,29,22,71,0,6,3.7,11.1,72
27,30.6,23.3,77.7,0,5.3,6.8,12.5,68
27.3,31,24,75,0,5.5,6.3,11.1,46
27.3,31,24,76,0,5.1,5.4,11.1,58
28.8,32,24,70,0,5.8,7.2,11.1,80
36.1,41,28,24,0,6,4.4,13,56
35.7,41,27,25,0,5.8,4.8,9.4,58
36.1,41,29,27,0,6,5.2,11.1,58
35.8,41,26,28,0,6,6.1,11.1,52
27.4,31.8,23,74.7,0,5.6,7.2,14.2,51
27.8,32,24,73,0,6,9.4,16.5,51
26.4,30,23,86,0,5.3,4.8,7.6,51
29.3,34,24,61,0,6,7.8,11.1,47
29.2,34,24,58,0,6,8.5,13,40
31.6,38,21,32,0,5.3,5.7,11.1,79
31.5,37,22,32,0,6,5,9.4,70
29.9,36,21,41,0,5.6,3.3,7.6,60
34.9,40.5,27.2,30.7,0,6,6.1,12.1,62
34.7,40,28,32,0,6,9.4,16.5,66
37.1,41,29,24,0,6,8,16.5,73
36.9,42,30,24,0,6,2.4,7.6,71
34.8,41,27,25,0,5.8,6.3,11.1,85
35,40,27,27,0,6,6.5,11.1,92
35.2,41,28,27,0,6,8.3,14.8,78
33.6,39,27,39,0,5.8,5.7,10.7,67
32.1,39,26,44,0,6,5.2,9.4,69
33.3,40,27,38,0,6,6.1,11.1,76
36.7,41,28,25,0,6,5,11.1,59
36,41,25,24,0,6,5.9,11.1,68
26.1,33,16,30,0,4.5,6.7,14.8,70
25.9,32,18,46,0,4.8,5.4,11.1,55
26.1,32.2,17.7,52,0,4.2,3.7,11.1,80
32.9,38.5,24.3,28,0,5.9,4.9,10.2,67
34.6,37,26,30,0,6,7.6,14.4,123
32.4,38,24,29,0,6,4.4,11.1,119
33.4,37,25,25,0,6,8.5,14.8,143
34.3,39,24,19,0,5.8,5.9,11.1,120
32.6,39,25,30,0,5.8,5,11.1,140
33.7,38,27,28,0,6,5,9.4,155
33.6,40,26,23,0,6,5.6,11.1,112
33.6,40,24,23,0,6,3.7,7.6,104
32.1,38,25,23,0,6,3,9.4,105
31.1,37,23,27,0,6,4.1,14.8,81
29.6,37,21,29,0,6,5,9.4,91
32.4,37,21,26,0,6,5.7,13,89
23.1,27,16,55,0,4,8.7,18.3,113
22.3,28,13.3,55,0,3.9,5.4,11.1,130
27.3,33.2,19.4,40.5,0,5.4,5.7,12.8,137
27.3,35,21,58,0,5.1,6.1,14.8,152
28.2,33,21,57,0,5.1,4.6,7.6,138
26.8,32,20,64,0,4.5,6.9,14.8,180
27.4,34,17,28,0,5.6,4.4,14.8,115
24.6,32.9,17,31,0,5.3,3.7,11.1,88
24.2,31,19,36,0,5.5,4.4,11.1,114
27.8,33,21,44,0,5.6,5.6,14.8,119
26.5,31,18,35,0,5.8,4.3,9.4,121
23.6,29,17,41,0,5.6,5,13,90
19.1,23,15,81,0,1.9,3.9,11.1,94
23.3,29,17,62,0,3.7,3.9,11.1,94
22.2,29,13,64,0,3.2,4.6,14.8,101
24.7,30.7,17.1,47.2,0,4,4.9,12.5,100
25.2,32,15,28,0,5.8,6.3,14.8,136
24.2,31,16,26,0,5.3,6.1,14.8,132
24.6,30,17,32,0,5,5.6,11.1,130
26.6,33,19,45,0,4.3,4.4,11.1,113
25.9,33,17,44,0,3.9,5.9,14.8,119
25.9,33,17,38,0,4,3.1,10.7,106
25.1,32,16,44,0,4,3.3,11.1,140
24.6,31,18,47,0,3.9,2,7.6,131
25.1,31,18,47,0,3.9,3.9,7.6,118
22.1,27,16,53,0,2.7,11.1,18.3,122
21.4,26,17,64,0,2.4,6.9,18.3,113
23.9,30,17,51,0,3.4,3.5,9.4,114
24.7,31,15.8,56,0,3.5,3.7,9.4,144
21.9,28.1,14.4,60.2,0,3.4,4.3,10.4,114
21.8,28,13,47,0,4.8,6.5,13,113
23.7,31,15,48,0,3.9,5,11.1,130
23.3,32,15,50,0,3.7,2.4,5.4,128
23.8,30,16,60,0,3.5,3.7,7.6,129
24.8,30,17,63,0,2.9,4.4,11.1,143
22.1,29,14,61,0,3.5,3.3,11.1,121
23.1,29,15,58,0,3.1,3.9,11.1,139
23.2,29,16,63,0,3.2,3.1,7.6,123
21.7,29.3,12.8,61,0,2.6,3,9.4,138
20.7,26,15,59,0,2.9,4.3,9.4,118
23.5,28,18,68,0,2.9,5.2,13,131
22.8,28,16,71,0,3.1,5,13,114
22.1,27.5,16.2,65.4,0,2.7,3.8,9,136
21.7,28,15,61,0,2.7,5,13,119
20.1,26,15,74,0,2.3,4.3,11.1,136
23.8,27,20,72,0,2.1,2.2,5.4,137
22,29,16,64,0,2.1,3.1,7.6,139
22.6,29,15,63,0,2.1,2.8,7.6,138
20.6,28,15,71,0,1.9,2.8,9.4,124
22.9,28,17,69,0,3.4,3,9.4,124
23.2,29,17,62,0,3.5,3.5,11.1,120
23.2,29,17,64,0,3.1,3,5.4,132
22,28,17,70,0,2.4,4.8,11.1,98
21.7,28,14,61,0,2.7,4.3,7.6,95
21.4,27,15,58,0,2.9,4.6,9.4,97
23.5,28,18,66,0,3.4,4.4,11.1,89
24.4,29.6,17.9,64,0,3.7,3.7,9.1,88
23.5,30,17,60,0,3.1,3.7,7.6,80
22.8,29,16,66,0,3.7,3.1,7.6,78
22.5,29,16,59,0,2.9,3.5,7.6,94
23.3,29,16.9,61,0,3.2,3.3,7.6,69
23.5,30,15,59,0,3.2,3.9,9.4,89
23.5,30,16,57,0,3.2,1.9,9.4,75
24.1,28,18,67,0,4.3,4.4,7.6,90
22.6,28,16,61,0,4,5,9.4,95
24.1,29,17,61,0,4,5,11.1,120
26.1,31,20,61,0,4.3,3,7.6,103
25.4,30,20,64,0,4.7,4.4,9.4,96
27.2,31,21,65,0,5.1,5.4,11.1,77
24.4,30,19.5,80,0,5.1,4.6,11.1,87
25.2,29,22,78,0,4.7,6.5,13,74
25.4,31,15.5,54,0,4,3.1,7.6,93
27.1,31,20.2,57,0,4,4.4,9.4,88
27.2,31,22,66,0,2.4,5.4,11.1,65
26.7,31,22,68,0,4,3.9,9.4,90
25.3,30,21,78,0,4.3,4.1,5.4,101
26.9,30,23,71,0,5.1,4.8,7.6,82
27.2,30.5,22,69,0,5.3,5.6,7.6,69
26.3,30.2,19.6,71,0,5,7.6,13,130
25.3,28,20,87,0,4.7,4.4,7.6,77
25.6,30,22,80,0,5,10.7,14.8,68
25.2,28,23,81,0,5.1,11.7,13,80
25.2,29,23,83,0,4.2,9.3,16.5,67
25.2,29.2,20.4,75.4,0,3.8,4.8,9.5,58
25.4,29,18.3,77,0,3.7,4.8,14.8,68
25,28,19.8,82,0,5.1,11.7,14.8,66
25.5,28.8,21.8,81.8,4.06,4.7,7.5,11.5,59
25.9,28.2,24,83,0,5.8,11.1,18.3,59
26.7,31,23,83,0,4,6.5,11.1,81
28.6,33,20.7,61,0,5.6,10.6,14.8,118
27.9,32,23.7,67,0,5.6,11.3,18.3,111
27.2,32,23,76,0,5.6,9.6,11.1,58
25.9,29.2,21.9,77.3,0,4.8,9.5,13.2,109
31.6,37,25,50,0,5.8,8.7,14.8,205
31.4,36,25,48,0,5.6,10,14.8,119
29.6,32,25,61,0,5.6,10.9,14.8,84
30.6,35,26,61,0,5.6,13.5,20.6,116
31.9,37,23,50,0,5.5,11.1,14.8,129
31.1,37,25,57,0,5.6,12.4,18.3,140
32.7,40.2,27,48,0,5.1,9.1,20.6,193
33.8,42,28,46,0,5.5,8.1,16.5,150
34.8,42,26.3,38,0,5.1,12,16.5,102
36.1,42,28,33,0,5.3,8.9,18.3,127
34.6,41,27,38,0,5.1,10.9,18.3,78
26.5,30.2,22.5,77.8,23.11,5,9.2,14.2,74
22.8,25,19.1,89,23.11,3.9,8.5,13,146
34.9,40.2,26.2,30,0,5.3,9.4,18.3,139
35.3,41,28,29,0,5.5,11.9,14.8,137
35.7,41.2,30,27,0,5.1,9.6,14.8,7
34,40,25,19,0,5.6,11.3,18.3,77
34.8,40,26,21,0,5.3,10.4,16.5,76
34.5,40,27,25,0,5.5,10.4,16.5,111
33.8,40,27,27,0,5.3,10.9,16.5,140
34.9,40,28,19,0,5.3,9.8,18.3,104
32.8,39,25,25,0,5.5,11.7,18.3,84
33.4,39,25,22,0,4.8,10.9,16.5,99
34.5,40,27,22,0,4.8,10.2,16.5,84
30.8,36.2,25.2,57.2,0,5.2,9.6,16.1,98
33.6,39,27,18,0,4.7,4.8,9.4,102
33.7,39,25.7,19,0,5.3,7.6,21.7,66
32.7,37,23.2,25,0,5,7.8,16.5,54
35.8,41,23.8,22,0,5,6.3,11.1,121
35.2,40.2,24.2,21,0,4.7,6.7,16.5,110
33.7,39.5,23.4,18,0,4.8,7.8,13,96
34.2,40,26,20,0,4.8,5.4,7.6,97
35.1,40,23.6,21,0,5.3,8,11.1,111
34.7,40.2,26.8,25.7,0,5.3,10,16.5,118
36.5,42,26.3,26,0,5.1,8,16.5,112
36.8,42,29,25,0,5.3,9.6,16.5,117
36.2,42,28,24,0,5.1,8.7,16.5,134
31.3,35.8,21,27,0,5.3,6.9,14.8,97
30.7,37,20.7,28,0,5.3,3.9,9.4,121
29.8,36,22,28,0,5.1,5.6,14.8,127
28.7,35,22,32,0,5,3.3,7.6,150
27.7,34,19.2,33,0,5.1,5.6,13,138
27.9,35,22,28,0,5.8,3.7,7.6,103
29.7,35,17.4,28,0,5.3,7.6,22.2,101
27.2,34,14.6,28,0,4.5,4.3,9.4,105
26.9,32,16.6,24,0,5.1,4.8,9.4,123
28.7,34,18.4,20,0,5,6.1,11.1,87
29.2,35,18,31,0,4.5,6.9,14.8,108
25.7,31,14.4,31,0,5.3,4.6,9.4,85
34.4,40,25.6,21.3,0,4.8,6,11.8,113
38.3,43,33,18,0,5,6.3,11.1,101
38.6,43,32,17,0,5.1,6.7,11.1,117
36.6,42,27,19,0,5.1,5.2,11.1,131
28.9,35,20,31,0,3.9,7,16.5,116
28.7,35,15.2,27,0,3.7,4.8,11.1,112
27.1,32,21,36,0,3.9,7,35.9,104
25.7,32,19,42,0,4,3.7,13,110
26.7,32,21,50,0,4.7,3.5,7.6,121
18.7,25.2,6.5,30,0,4.5,5,11.1,149
19.3,26,11,36,0,5,4.6,13,119
23.5,28,17,39,0,5.1,10.2,28.7,111
24.7,30,15.2,43,0,3.9,5.7,11.1,125
23.4,30,15,47,0,3.7,5.7,25.2,145
23.9,29,15,40,0,3.9,5.4,18,155
29.9,35.7,20.1,26.5,0,5.2,5.3,12.4,146
33.4,40,26,20,0,5.1,5.2,9.4,135
33.3,39,20,16,0,5.3,4.1,11.1,146
33,38,25,18,0,5.5,4.6,13,133
33.3,38,23,22,0,4.7,5.4,11.1,130
24.3,31,14,41,0,4.7,7.2,18,99
24.1,31,13,45,0,4,5.9,21.7,93
22.3,30,13,47,0,3.9,3.7,21.7,101
21.4,28.5,14,56,0,3.4,5.6,28.7,107
22.4,29,16,53,0,3.7,4.4,9.4,114
23.2,30,15,46,0,3.4,2,7.6,101
21.2,29,10,33,0,4.2,3.9,9.4,86
19.4,28,8.4,38,0,3.9,3.3,9.4,102
19.6,28,11.3,46,0,4.7,2.2,7.6,102
23.2,31,11,36,0,3.9,2,7.6,132
20.5,29,8.4,36,0,4.5,4.1,21.7,116
25.3,31.4,16.4,38.3,0,4.4,5.4,17.3,120
26,31,19.6,38,0,5,7.2,11.1,134
25.6,31.5,19,34,0,4.7,8,21.7,159
27.3,32,18,29,0,5.1,9.1,21.7,130
36.1,41,25.6,23,0,4.8,9.3,11.1,119
34.9,41,27,25,0,5.5,8.3,11.1,127
36.1,42,27,21,0,5.3,7.6,11.1,114
28.6,33.4,23.4,67.5,3.05,5.1,10.4,16.5,126
27.3,31.4,21.6,70,3.05,4.5,10.9,16.5,148
29.7,34,24,68,0,5.1,5.7,7.6,162
30.3,36,22.6,40,0,5.1,7.2,22.2,172
30.9,36,22,34,0,5,7,14.8,179
31.9,38,23,27,0,5,6.3,16.5,172
33.4,40,26,19,0,5.1,5.9,11.1,136
33.2,39,24.8,33,0,5.5,7.8,9.4,149
32.7,39,21.9,36,0,5.1,4.8,9.4,148
35.1,40.6,27.3,30.9,0,5.4,7.6,13,132
35.1,40,27.6,52,0,5.1,9.4,16.5,136
36.7,41.2,28,33,0,5.5,7.8,13,172
35.9,41,28,25,0,5.3,7.4,14.8,173
34.9,41,27,29,0,5.3,8.3,14.8,168
35.2,42,28,25,0,5.5,9.1,14.8,169
36.1,40,28,30,0,5.1,9.1,16.5,166
36.7,41.2,25.8,27,0,5.3,9.1,14.8,141
33.5,39.5,26,34,0,5.5,5.7,11.1,181
33.7,40,29,27,0,5.6,6.9,11.1,192
28.3,35,23,39,0,3.9,4.4,10.7,181
28.9,35,24,37,0,5.1,4.6,7.6,181
30.7,36,26,33,0,4.3,5,11.1,137
29.9,36,20,37,0,4.5,2.6,7.6,134
28.1,35,19,35,0,3.4,2.8,9.4,119
29.7,35,22,31,0,5,5,9.4,105
33.4,38.9,24.7,32,5.08,5.3,6.2,11.2,116
34.1,40,26,32,0,5.1,5,7.6,107
33.5,39.5,24.1,32,0,5.3,6.3,9.4,110
35.8,40,26,30,0,5.6,8.5,13,125
33.9,38.5,24,33,0,5.5,7.4,14.8,102
33.4,39,27,28,0,5.5,7.2,13,141
33.4,40,24,27,0,5.5,5.4,9.4,134
33.5,38,25,33,0,5.3,5.7,7.6,123
33.4,38,26,29,0,5.6,6.1,14.8,113
24.8,30,13.5,48,0,3.9,6.7,11.1,113
24.2,29,16,51,0,4.5,4.3,9.4,152
24.8,32.2,13,40,0,3.7,5.7,21.7,148
24.9,32,14.6,37,0,3.7,4.8,14.4,148
25.4,32,13,30,0,4.5,4.6,9.4,153
30.1,35.6,22.4,32.7,0,4.7,5.1,11.2,167
33.3,39,24.7,24,0,5,5.4,11.1,152
31.3,39,20,25,0,3.9,4.3,14.4,151
30.9,37,21.4,26,0,5.3,4.4,9.4,127
31.5,38,22.6,29,0,4.8,7.4,21.7,163
29.7,35,24,28,0,5,4.4,9.4,140
30.1,36,22,33,0,4.2,4.4,11.1,134
30.5,35,21.4,43,0,4.8,7.4,21.7,128
27.6,32.5,25,32,0,4.5,4.1,7.6,139
31.6,36,25,21,0,5.1,6.1,14.4,158
31.7,36,20.6,29,0,5,5.7,9.4,142
20.1,27,13,55,0,4.3,8,28.7,161
21.3,28,12.2,53,0,4.3,5.2,11.1,154
22.1,27.5,14,50,0,4.3,4.4,11.1,141
22.6,29,14,48,0,3.7,4.6,11.1,160
21.6,28,12,48,0,5.1,4.6,13,162
20.5,28,12.6,51,0,3.7,5.4,14.4,146
25.7,31.9,16.8,44,0,4.3,5.3,13.4,134
29.9,35.4,22,38,0,5.1,3,9.4,148
28.3,35,19,41,0,5.3,3.3,7.6,162
27.6,34,20,44,0,5.3,3.5,7.6,153
28.2,33,20,37,0,4.8,4.4,11.1,120
28,35,17,33,0,4,4.8,18,141
26.2,33,15.4,37,0,4.3,4.6,9.4,128
23.8,29.5,17,54,0,3.4,5.4,16.5,109
24.4,29,20,58,0,2.7,10.9,21.7,95
22.9,30,18,62,0,2.9,10.6,28.7,116
24.8,29,20,66,0,3.4,8.5,21.7,129
25.4,28,21,73,0,3.2,4.6,14.8,132
21.4,27,15,61,0,3.5,8.1,18.3,123
22.3,29,14,57,0,4,7.6,14.8,137
22.4,28,14,50,0,4.7,6.9,14.8,146
22.9,29.4,13.8,45.7,0,4.1,4.9,14,112
24.3,31,12,36,0,4.2,3.5,11.1,114
22.1,30,12,37,0,4.2,4.3,7.6,149
21.7,30,10,33,0,3.9,5.7,21.7,146
20.3,28,11,38,0,4,5.2,21.7,147
22.7,29,12,52,0,4.7,4.8,14.4,115
23.9,30,16,50,0,4.5,4.3,11.1,137
23.1,30,14,52,0,4,3.9,7.6,135
25.9,32,17.4,45,0,4.3,3.9,7.6,107
26.7,31,17,42,0,3.7,3.1,5.4,121
25.3,30,17,37,0,3.9,7.2,21.7,128
25.2,31,15.7,51,0,5.3,4.8,14.8,108
24.1,31,14,45,0,4.7,6.5,18.3,93
24.4,32.2,15,44,0,4,4.8,14.8,121
23.9,32,15,44,0,5,4.3,11.1,110
22.9,28.9,14.6,54.8,0,4.1,5.8,14.2,89
19.8,28,10.1,54,0,4.3,3.7,13,126
20.7,28,12.4,56,0,3.9,5.2,13,98
22.8,30,13,52,0,3.5,3.7,5.4,73
22.4,29,11,46,0,5,6.5,13,53
21.5,30,15,43,0,4.5,3.3,11.1,35
20.8,29,11.4,38,0,4.7,6.5,14.8,46
23.6,29,16,58,0,4.3,5.7,14.8,74
23.5,29,16.2,66,0,4.2,5.6,11.1,79
24.8,30.5,15.4,57,0,3.9,3.5,9.4,100
24.9,30.2,16.3,58,0,4.2,7.4,22.2,86
29.6,34.2,23,50,0,5.5,7.6,16.5,58
28.6,33,21,59,0,5.1,5.7,11.1,62
29.3,34,23,59,0,4.8,7.2,11.1,71
24.7,30.9,15.8,55.6,0,4.2,4.6,11.1,54
23.9,31,13,58,0,4.8,5.6,10.7,54
23.2,31,15,65,0,3.2,4.8,11.1,41
24.8,30.5,17,66,0,4.7,4.6,9.4,45
25.4,30,21,75,0,4.7,5.7,11.1,43
25.6,30,18,68,0,4.5,4.1,11.1,39
23.3,30,14,51,0,3.9,3.9,9.4,62
25.9,31,16,50,0,5,4.4,13,52
25.8,31,15.4,50,0,3.4,6.3,14.8,53
26.3,29,23,79,0,4.5,8.5,14.8,34
27.6,30,22,69,0,4.8,8.1,11.1,48
27.1,31,22,69,0,5,6.9,11.1,43
27.2,32.5,20.1,61.9,8.89,4.4,4.9,13.3,35
26.3,32,15.6,49,0,4.3,4.3,11.1,33
27.2,34,19,53,0,5,3.3,7.6,32
24.9,32.2,16,55,0,4.3,3.7,11.1,32
26.3,33,16,45,0,4.2,3.9,9.4,47
27.6,33,21,66,0,3.9,6.1,9.4,38
27.7,33,19.5,58,0,4.5,3.9,7.6,38
26.4,33,20,51,0,4.2,4.8,11.1,51
27.9,32,22.4,74,0,4.5,5.2,11.1,53
27.2,32,23.7,80,8.89,3.2,4.1,13,63
27.2,31,22,70,0,4.2,11.3,22.2,51
27.3,31,23,70,0,5,10.4,18.3,65
27,30.6,22.2,77.2,5.08,4.5,5.4,10.2,66
27.9,31,23,73,0,5,6.1,13,32
26.3,28.5,22.4,79,0,4.2,11.3,14.8,52
26.5,29.9,22,75.5,0,4.4,9.8,16.3,60
26.6,30.2,21,71,0,4.7,9.4,16.5,60
25.9,30.5,22,83,0,5,8.3,11.1,53
27.5,32,22,69,0,4.3,11.5,14.8,51
27,29,22,69,0,4.2,11.1,16.5,37
28.3,32,24,65,0,4.3,10.4,21.7,66
27.9,32,24,65,0,4.7,9.1,14.8,86
32.3,37,26.6,58,0,4.7,6.1,14.8,64
33.2,38.5,28,52,0,4.8,6.7,11.1,87
26.4,29.6,21.7,78.7,0,4.5,11.7,19.8,121
25.6,29,20.8,80,0,4,14.3,22.2,114
27.1,31,23,73,0,4.5,15,24.1,102
26.1,29,21.2,82,0,4.5,8.7,18.3,148
29.7,34,21.6,67,0,5.3,9.3,18.3,143
27.8,32,21.4,73,0,4.3,11.1,18.3,139
28.3,33,21.4,69,0,4.3,11.7,16.5,153
32.1,39,21,32,0,4.5,5.7,11.1,127
28.9,33.5,22.8,70.7,15.24,4.9,9.4,16.5,94
27.1,30,24,75,0,5.8,10.9,14.8,112
27.8,31,24,72,1.02,4.7,8.9,11.1,116
28.2,33,21.5,70,0,4.8,8.9,14.8,129
30.6,34,24,61,0,5.3,11.5,16.5,141
29.4,34.2,21.6,71,0,3.5,10.4,14.8,127
26.5,33,21.6,84,8.89,4.7,8.1,14.8,135
34.2,40,25.1,50,0,5.3,12.8,18.3,123
35.2,40,26.6,39,0,5.3,8.7,16.5,141
34.8,41,27.4,35,0,5.1,9.8,24.1,138
35.1,41,25.4,41,0,4.7,9.4,14.8,110
34.1,41,26.7,42,0,5.1,12.4,20.6,86
33.7,40,26,46,0,5.1,8.9,28.7,82
34.1,41,25.4,33,0,4.8,7.8,11.1,96
36.2,41,27,33,0,5.5,6.3,11.1,87
35.6,40,28.1,28,0,4.8,9.4,14.8,79
30.6,36.3,25,58,0,5.3,13,20.6,93
31.9,38.3,28,49,0,5.8,8.9,16.5,102
32.7,37.1,25,41,0,5.3,8,14.8,124
28.3,33.1,22.4,68,32,5.3,9.1,22.2,59
26.1,34.7,22,78,2.03,5.3,12.4,22.2,40
28.8,34.8,23,66,2.03,5.3,13.9,25.9,41
32.6,39.3,28,44,0,6,16.9,22.2,60
32.3,39.3,26,45,0,5.6,15.6,24.1,52
31,38.7,25,52,0,5.6,12.4,22.2,60
35.2,41.7,30,28,0,5.6,17.6,31.7,77
36.1,42.8,31,25,0,5.6,18.1,33.5,88
36,42.8,29,18,0,5.6,16.1,29.4,92
36.4,43.5,29.6,19,0,5.6,16.1,29.4,97
35.8,42.8,29,16,0,5.6,16.7,31.7,99
34.8,43.1,28.8,25,0,5.8,15,29.4,113
33.7,40.2,27.2,32,0,5.6,17.6,24.1,97
35.1,40.9,27.4,26,0,5.6,15.2,27.8,95
33.6,39.7,26.5,30,0,5.8,10.9,22.2,131
34.9,41.8,29.6,23,0,5.6,20.7,27.8,114
36.9,44,28.4,20,0,5.8,12.6,22.2,133
34.7,42.3,26.2,22,0,5.3,7.4,13,143
36.4,43.9,29,21,0,5.6,16.5,27.8,112
37.2,44.4,30,19,0,5.6,15.9,25.9,123
37.2,45.1,26.4,16,0,5.6,17.8,83.5,130
36.1,42.9,26.2,13,0,5.3,9.8,22.2,150
35.2,42.2,25.4,15,0,5.6,10.4,27.8,146
34.2,40.8,27.2,19,0,5.6,8.1,20.6,147
34.2,41.9,25.6,22,0,5.6,15.6,22.2,113
34.6,41.8,27,22,0,5.6,13.1,27.8,124
34.6,42.7,25.8,24,0,5.6,14.3,27.8,108
31.6,38.5,26.1,47.7,72.64,5.4,13.6,26,122
34.6,42.8,23.4,13,0,5.6,11.9,22.2,96
33.8,41.8,23,12,0,5.6,14.4,27.8,91
34.2,41.7,25,12,0,5.6,15.7,22.2,110
30.7,35.5,25,23,0,5.5,17.6,40.7,104
33.8,42.5,22.2,15,0,5.8,8.9,22.2,145
33.7,41.5,24,17,0,5.6,13.9,27.8,111
32.1,40.3,20.6,14,0,5.6,13.1,24.1,131
32.3,40.7,21.9,15,0,5.5,10.6,20.6,114
32.1,40,23.8,15,0,5.5,9.4,20.6,112
33.8,42.1,21.8,14,0,5.5,7.6,18.3,126
32.8,41.7,22,10,0,5.6,8.7,18.3,118
31.9,40,20.8,14,0,6.4,6.7,18.3,106
31.5,39.4,20.8,16,0,6,6.3,18.3,98
31.8,39.8,20.6,15,0,5.6,9.1,16.5,130
34.7,41.8,26.8,24,3.05,5.6,13.8,26.9,139
35.4,41.3,29,24,0,5.6,12.8,20.6,114
29.9,38.1,18.4,17,0,5.6,5.6,18.3,103
30.4,37.6,20.6,14,0,5.5,10.6,22.2,88
30.3,36,23.2,18,0,5.5,8,16.5,95
29.4,37,20.5,17,0,5.6,10.7,20.6,127
30.1,38.6,19.7,20,0,6.3,5.9,14.8,124
29.2,36.6,21,30,0,5.3,6.5,22.2,100
29.7,37,18,24,0,5.6,13.5,29.4,128
28.2,35,18,29,0,6.9,7.2,22.2,91
27.3,34,14.8,26,0,7.1,5.9,14.8,89
23.7,32,15,44,0,5.1,6.9,20.6,101
23.8,30.6,17,43,0.25,5.8,8.1,14.8,115
25.2,32.6,17,34,0,5.5,7.8,18.3,96
24.5,32.2,15.2,36,0,5.5,5.9,11.1,110
23.3,30.8,13.9,30,0,5.6,7.8,14.8,109
22.5,29.4,14,40,0,5.5,7.6,16.5,121
33,40.8,22.8,15.2,0,5.8,10.4,21.9,118
21.8,29,10.6,30,0,6.9,8.9,18.3,132
20.5,27.4,12,36,0,5.8,8.3,20.6,103
23.2,29.4,16,47,0,5.1,7.2,14.8,118
19.8,28.4,14,45,0,5.5,10.7,27.8,124
20.2,28,11.2,40,0,5.5,8.7,18.3,82
19.1,26.4,8,42,0,5.5,6.5,14.8,78
20.2,27,14,53,0,5.3,13.1,22.2,102
20.1,29,11,48,0,5.6,7,18.3,120
19.6,28.6,10.4,42,0,5.3,8,18.3,106
20.2,27.8,12,48,0,6.1,15.9,27.8,122
21.1,28.6,12,52,0,6.3,6.7,13,108
19.4,28,9.8,55,0,6,6.7,16.5,100
27.7,35.1,17.7,26.6,0.25,5.9,8.4,19.4,118
31.7,39.5,18.6,14,0,5.6,8,22.2,111
13.1,18.4,5.9,55,0,5.3,6.1,14.8,98
12.8,18.2,5.5,56,0,5.6,6.9,14.8,116
18.4,25.4,11.3,57,0,4.5,6.3,14.8,111
18.4,25.8,9.8,59,0,4.7,9.8,20.6,103
15.2,23,6.6,53,0,3.9,4.8,9.4,152
14.1,19.8,8,76,0,2.1,10,14.8,144
14.3,19,9,77,0,2.9,10.7,16.5,153
14.5,20,7.7,69,0,4,7.8,13,153
16.7,19,13,85,7.11,2.7,10.4,16.5,156
19.4,24.4,15,81,13.97,2.9,8.7,18.3,153
17.8,22,14.6,88,17.02,2.3,10.7,22.2,139
16.8,23,9.9,62,0,3.9,4.6,13,237
17.2,23,11,69,0,3.5,7,14.8,344
16.8,21,12,65,0,4.3,7.2,13,235
20.5,27.8,12.1,42.2,0,5.6,8.8,18.5,376
24.7,32.2,15,36,0,5.3,9.1,18.3,152
24.9,32.4,16.2,31,0,5.6,12.8,22.2,155
23.1,29,15.5,42,0,5.3,6.1,14.8,129
17.7,24,10.7,58,0,3.9,6.7,13,117
16.2,23.4,5.8,36,0,5.1,4.3,9.4,165
14.8,23.5,3.4,35,0,5.5,5.7,13,173
13.4,20.4,4,31,0,4.8,7.6,16.5,156
20.4,27.4,14,57,0,3.4,6.1,14.8,145
19.6,26,12.9,53,0,4,6.9,13,127
19.6,24.6,15,52,0,4,11.1,18.3,166
19.4,25,12.5,53,0,3.5,8,14.8,166
19.2,24.2,14,70,0,2.1,8.5,16.5,157
19.4,24.2,14,61,0,2.1,7.6,14.8,136
18.3,20.4,16,60,0,2.4,11.5,22.2,155
19.6,23.8,16.2,50,0,3.1,8.3,16.5,182
16,21.9,9.3,65.2,38.1,3.9,8,16,187
18.7,25.4,8.3,45,0,5.1,7.2,18.3,168
12.9,19.4,5.3,50,0,5.6,7.4,14.8,168
24.4,30,18.4,57,0,2.6,8.3,14.8,141
22.7,27,18.4,54,0,2.3,11.5,18.3,147
20.6,27,13.4,44,0,2.6,7.6,13,160
21.6,28,14,46,0,2.6,6.7,13,179
20.8,27.4,13,43,0,3.9,9.4,18.3,194
22.4,29,13.6,38,0,3.5,6.3,13,194
22.6,30,13.4,37,0,4.5,6.9,22.2,218
21.1,28.2,12.4,54,0,2.9,5.4,14.8,198
21.9,29.4,13,53,0,4.7,5.9,13,198
21.7,29,12.4,55,0,4.8,7.8,18.3,190
22.2,30,13.4,54,0,4,4.8,13,171
18,23.8,11.3,56,6.35,3.5,7.8,15.4,181
14.7,19,9.9,71,0,4,8.9,18.3,141
18.8,25,11.1,55,0,3.7,6.1,16.5,149
18.2,26.6,10.4,55,0,3.5,4.8,13,158
25.1,31.2,16.4,48,0,4.8,8,16.5,156
24.9,31,19,60,0,4.2,5.4,13,138
25.3,29,21,78,0.51,3.9,10,22.2,132
26.1,32,16.2,40,0,5.3,7.4,16.5,118
26.4,32.4,18.6,40,0,5.5,10.2,20.6,121
27.6,34,19.4,48,0,5.3,8.7,22.2,121
28.3,33,21,48,0,5.1,5.2,11.1,87
28.9,34,22.4,54,0,5.5,4.3,14.8,140
29,34,22.9,63,0,5.3,3.7,9.4,131
26.9,32,23.6,77,5.08,5,7,22.2,118
28,32,22.6,72,0,4.8,6.3,16.5,120
27,32,23,78,0,4.5,6.1,11.1,149
22.1,28.5,14,46.6,0,3.7,7.6,16,108
21.8,29.6,12.8,34,0,4.8,6.3,11.1,61
22.1,29,12.4,37,0,4.8,5.2,13,74
22.7,29,15,50,0,4.5,8.3,14.8,69
26.3,31,23,80,0,4.3,5.7,14.8,75
25.9,30,23,84,3.05,3.7,8.5,14.8,52
25.3,30,23,88,7.87,3.7,10.7,16.5,64
25.4,28,24,89,2.03,3.4,11.3,18.3,75
27.6,31,24,80,30.99,3.9,10.2,20.6,77
25.8,29,24,88,5.08,3.5,3.9,14.8,73
24.6,27,24,91,8.89,3.5,11.5,22.2,37
26.3,29,24.6,85,2.03,4,9.8,14.8,43
28.7,32,25,74,0,3.5,15,24.1,33
26.7,31,23.9,81,0.51,5.1,5.7,29.4,27
26.8,31,23.5,78,0,4.7,10.6,18.3,31
26.8,31,23.6,79,0.51,4.3,10.9,18.3,46
26,31.5,19.1,56.6,57.4,4.8,6.9,16.2,29
22.4,29,13,40,0,4.3,5.7,16.5,53
23.7,29,17,49,0,5.1,9.6,14.8,64
24,29,16.4,54,0,4.8,5.7,14.8,48
24.2,30.4,16.1,53,0,4.8,4.4,13,38
25.9,30,23.6,88,7.87,2.9,6.7,18.3,81
24.6,27.2,22.4,92,11.94,2.4,10,18.3,73
24.8,27,22.9,88,0.51,3.5,11.7,20.6,77
26.7,31,22.9,79,0,4.3,12.6,22.2,67
26.7,30,23,78,0,4.5,13,20.6,74
27.2,31,22.6,77,0,4,13.7,22.2,82
25.9,29,23.6,89,7.11,3.7,16.7,27.8,64
25.2,29,23,94,2.03,2.1,13,16.5,59
24.3,26,23,96,6.1,2.4,13,18.3,87
24.1,26,22.8,94,21.08,3.5,25,38.9,81
23.2,24,22.6,98,41.91,2.9,27.6,37,77
23.7,25,23,97,5.08,2.6,25.2,37,78
26.3,30.5,23.5,82.2,190.75,4.1,9.4,19,87
28.1,38,23.6,73,0,3.9,9.4,22.2,49
26.1,30,23,82,2.03,3.9,3,11.1,65
25.3,31,23,87,0.76,3.2,7.2,29.4,51
26.7,28,25,82,1.02,4.2,17.4,25.9,42
27.3,31.2,25,84,0.25,4.3,15,22.2,39
29.7,34.4,25,72,0,5.5,7,22.2,21
30.1,34,25.3,70,0,5.5,7.8,14.8,75
28.7,31,24.2,75,1.02,4.3,10.2,14.8,51
26.8,30,24,80,2.03,4.7,13.5,24.1,43
31.8,37,26,59,0,5.3,19.8,37,58
28.7,35,25,65,0,4.5,15.9,25.9,69
29.7,34,25.6,63,0,5.6,19.3,29.4,63
29.4,33,26,68,0,5.5,20,31.7,78
25.5,28.6,23,86.7,256.03,3.3,14.3,24.6,68
25.7,30,24,88,27.94,2.9,6.7,27.8,81
25.7,30.4,22.5,81,4.06,3.7,8.3,14.8,67
25.5,29.4,22,80,0,4.3,12.8,22.2,72
25.8,30,23,81,3.05,3.5,14.3,27.8,69
28.9,34,24,70,0,6,20,33.5,78
28.4,35,22.4,73,19.05,5,19.8,48.2,81
27.3,36,22.9,76,9.91,4.5,17,33.5,60
28.5,36,21.7,73,36.07,6,17.2,24.1,92
30.4,38.2,22,61,6.1,5.3,22.4,40.7,81
31.9,38,25.4,52,0,6.1,13.7,25.9,83
30.4,36,23,49,0,5.3,17.2,40.7,65
29.6,39.4,24,56,2.03,4,13.5,27.8,64
32.7,39,25.9,45,0,5.5,14.3,22.2,58
27.7,31,24.5,79,208.28,4.3,15.5,25.4,59
25,26.4,23.8,90,0.51,4.3,21.5,29.4,57
23.5,25,23,98,20.07,2.6,20.7,33.5,72
24.4,26,23.8,98,17.02,3.2,20.6,27.8,89
24.5,25,23.3,99,40.89,1.9,21.1,27.8,83
27.1,30,24.6,84,0,4,18.1,27.8,83
34.3,40,25.8,34,0,5.5,13,25.9,65
33.6,39.2,25.5,33,0,4.7,12.6,22.2,66
32.5,40,24.5,32,0.25,5.5,14.8,27.8,70
33,39,27,37,0,5.6,11.7,25.9,91
33.6,39,25.6,31,0,5.3,11.1,18.3,95
34,41,27.4,27,0,5.6,13.9,31.7,57
27.5,34,21.4,48,2.03,4.7,15.2,27.8,61
29.6,38,22.8,37,2.03,4.8,15.4,38.9,76
33.2,39,25.2,23,0,5.1,15.2,33.5,59
29,35.1,23.5,68.9,286.02,5.1,16.8,31.9,70
29.2,34,22.6,75,36.07,5.5,11.9,22.2,81
29.3,35,23,70,0,5.5,14.8,27.8,108
27.2,32,22.4,82,40.89,5.1,16.3,25.9,86
28,33,23,72,0,5,17.6,25.9,54
27.3,31,23,75,1.02,5.3,19.6,29.4,81
26.9,31,24,80,4.06,5,18.9,33.5,124
28.7,37.4,23.5,37,0,4.5,9.1,14.8,98
30.1,39,21,28,0,4.7,15.4,27.8,85
31.9,40,21.9,23,0,5.5,8.7,16.5,126
31.6,38,24,24,0,4,13.1,25.9,119
31.3,39,21,27,0,3.9,8.7,18.3,104
31.3,40,21.4,24,0,5.5,13.7,29.4,94
28.5,38.2,20,21,0,4.8,8,11.1,102
30,37,21.8,21,0,4.8,11.5,20.6,98
32.1,38.6,24.4,38.8,35.3,5.3,15.8,30.7,123
31.9,39,21.2,51,0,5.6,16.1,29.4,119
34.2,40,26.6,33,0,5.5,22.2,42.4,147
35.3,39,27,27,0,5.5,23.9,42.4,162
33.1,39,23.4,25,0,5.5,17.6,31.7,126
33,39,22,34,0,5.1,14.4,22.2,139
27.3,34,21.8,54,0,5.5,20.2,31.7,117
30.1,34.2,24.4,59,2.03,5.3,23.3,37,120
27.7,34,17.2,37,0,5.8,8,14.8,96
26.5,34,16.7,39,0,5.5,8.1,16.5,121
24.8,33,15.6,47,0,5.3,7.2,13,101
27.7,36,16,30,0,5.6,11.7,27.8,87
27.6,37,16.9,29,0,5.5,13.9,25.9,107
28.2,37,16.4,30,0,6,11.3,22.2,152
24.8,33,13.8,30,0,5.3,6.7,11.1,134
24.5,31,17,36,0,5.5,7.2,18.3,133
26.6,34.2,16.2,31,0,5.6,16.1,37,125
31,38.8,21.6,26.7,3.05,5,11,21.9,122
30.3,38.4,20,28,0,4.8,7.4,16.5,125
31.2,40,20.6,22,0,5.1,13.3,33.5,97
31.9,38,23.2,22,0,5.5,11.5,20.6,84
30.1,37,24,34,0,4.7,11.1,25.9,69
31.7,40.2,23,29,0,5,13.1,29.4,96
32.1,39,24,27,0,5,9.4,24.1,111
20.2,29,9.8,48,0,4.7,5.2,11.1,102
18.2,25,7.9,47,0,5.3,6.3,11.1,111
17.1,23,8.2,49,0,5.3,8.5,14.8,117
22.1,32.4,11.2,38,0,6,11.3,18.3,114
21.5,31,9.4,36,0,5.8,7,11.1,133
18.5,27.4,7,37,0,5,7,13,130
27.1,34.8,17.6,35.3,34.81,5.4,11.6,24.2,133
31.7,38,21,23,0,4.8,20.6,33.5,157
29.6,36.2,17,29,0,5.8,7.6,22.2,126
26.5,33,17.2,28,0,6.4,7,14.8,116
26.5,33,19.4,39,0,5.6,8.9,18.3,147
26.5,34,18.6,45,0,9.5,10.9,16.5,142
24.2,33,15.8,50,9.91,4.5,12.6,24.1,115
23.2,29,17,62,9.91,3.9,10.4,18.3,143
16.1,25,7.8,48,0,4.7,10.6,14.8,126
15.6,23,7,56,0,4.7,8,14.8,142
19.3,21,18,93,4.06,0.8,7.8,14.8,173
20.7,27.6,15.8,76,0,1.6,7.6,13,183
20.9,28,13.6,72,0,1.4,8.3,13,132
21.4,27,16.6,67,0,2.1,8.9,18.3,172
22.4,28,15.2,58,0,2.4,11.5,20.6,166
17.3,25.6,9.9,66,0,1.8,8.7,18.3,138
22.2,29.8,13,43.8,0,5.1,8.9,17.7,137
26.3,34,18.2,39,0,5.6,8.3,20.6,127
24.6,33,14,39,0,5,5.6,11.1,141
23.7,32,13.4,38,0,5.1,6.9,14.8,173
23.2,31,12.1,36,0,5.1,8.1,16.5,141
22.9,30,15.8,52,0,5,8.9,20.6,175
22.1,28.4,15.4,53,0,4.7,9.4,18.3,212
23.8,31.4,14.4,46,0,4.8,7.8,16.5,199
19.3,20.4,17,91,1.02,1.3,4.3,7.6,176
23,31,14.2,52,0,3.7,5.2,11.1,160
23.4,31,13.6,47,0,4.7,8,14.8,158
21.4,29.4,14,54,0,4.7,6.1,14.8,163
20.4,29.2,10.6,51,0,4.3,4.8,11.1,145
21.4,28,10.9,47,0,4.2,4.8,11.1,140
20.9,28,11.4,52,0,4.5,5.6,16.5,150
18.5,25.1,11.7,62.7,6.09,3.1,8.7,16.3,167
17.1,25,6.4,38,0,4.7,7.4,13,184
14.6,21,5.8,57,0,3.4,8.9,13,141
14.4,21,7.9,65,0,2.4,8.9,18.3,130
16.3,22,11,70,0,2.1,10.6,22.2,140
17.4,27.6,9.6,54,0,3.5,6.3,13,133
18.3,25,10.9,63,0,2.7,5.7,11.1,118
20.7,27,14.8,65,0,2.6,8.5,20.6,83
17.1,27,8.4,46,0,4.7,9.4,11.1,131
21.3,29,12.8,46,0,2.6,5.2,11.1,148
19.8,30,13,54,0,2.7,5.7,18.3,174
23.2,30.2,13.5,43,0,3.2,6.5,14.8,156
21.9,30,12.8,41,0,4.2,8.3,25.9,154
24.2,30,14.6,35,0,3.7,12.2,24.1,152
21.2,29.2,13.5,45,0,2.7,8.3,18.3,172
18.5,25.2,11.3,60.5,12.95,3.5,7.9,14.7,124
17.1,24,9.9,56,0,2.1,10,16.5,121
18.2,27.4,10.8,62,0,4,8.7,18.3,169
18.1,26,8.9,54,0,4.3,7.2,11.1,159
17.8,25,10.4,54,0,4.3,9.6,16.5,194
16.7,25,7.1,48,0,4.7,7.2,13,212
16,24.2,6.8,47,0,5,8,14.8,195
15.2,23,6.6,54,0,4.3,9.3,18.3,176
17.9,22,15,90,4.06,0.8,9.1,18.3,164
17.5,19,16,98,0.76,0.6,9.1,11.1,166
27.8,33,19.9,50,0,4.2,7.6,14.8,158
27.7,33,19.3,52,0,4.2,10.7,16.5,148
28.5,34,19.2,48,0,4.7,14.6,27.8,122
28.9,34,21.6,51,0,4.7,17.6,37,146
29,33,22.9,56,0,4.8,15.4,25.9,155
22.1,29.3,14.1,52,0.25,3.6,8.2,15.9,139
18.7,25.4,12.8,53,0,2.3,13,22.2,105
21.7,28,13.8,47,0,4.2,11.7,24.1,77
22.6,29,14.4,46,0,4.3,9.4,14.8,91
18.4,25,11.8,51,0,3.7,8.1,18.3,154
21.2,26,14.8,67,0,2.3,8.9,14.8,147
25.7,31,19.4,68,0,4,12.2,22.2,139
26.7,32,18.7,54,0,4.7,11.3,18.3,109
24.7,31,18,65,0,3.4,6.1,11.1,98
24.3,32,17.2,64,0,3.1,6.7,13,97
28,34.4,25,83,25.91,4,8.1,27.8,95
29.7,33.2,24,71,0,5.1,10.4,18.3,105
29.6,34,23.5,69,0,5.3,12.8,27.8,89
27.6,32,23.8,79,0,5.1,10.4,29.4,61
27.4,32,21,75,0,4.7,10.2,16.5,43
27.3,31,22.6,75,0,5,12.4,18.3,81
26.7,32.9,19.7,56.5,24.13,4.3,8.7,17.3,117
23.3,30,15.4,44,0,3.4,6.9,14.8,96
22.8,32.4,16.8,61,0,4.5,3.3,11.1,101
25.3,32,15.8,50,0,5.3,8.9,14.8,88
25.3,33,16.8,52,0,5.5,6.3,11.1,77
26.1,32,20,49,0,3.7,7.8,22.2,83
26.9,32,21.4,68,17.02,3.7,7.2,13,83
27.3,33.7,22,78,7.11,4.2,6.1,20.6,70
29,33,24,64,0,5,13.9,20.6,65
28.8,34,24.4,65,0,3.9,10.7,16.5,60
28.8,33,23,69,0,3.9,8.5,14.8,71
26.4,29,24,88,4.06,4.7,16.1,22.2,39
25.8,28,24,93,7.87,3.9,15.2,24.1,19
26.4,29,24.6,90,0.51,5.3,13.1,18.3,26
27.2,30,25.4,88,0,4.3,13.7,29.4,43
29.4,34,25.8,78,0,5.3,13.1,33.5,44
29.1,34.2,25,79,0,5.8,9.6,25.9,27
28.2,32.4,23.6,78.1,177.55,3.9,10.1,21.2,23
27.2,31.2,22.7,78,0,3.4,12.2,20.6,48
25.9,31,23,90,14.99,2.1,12.2,33.5,46
27.7,32,24.2,82,0,3.7,13.3,18.3,37
28.4,32.2,25,80,0,2.4,8.3,14.8,31
28.9,33,23.2,74,0,3.5,12,22.2,59
27,32,24,86,18.03,3.2,12.2,27.8,51
27.8,33,23.9,84,4.06,2.7,8.9,16.5,35
27.8,33.4,24,85,5.08,3.1,8.1,25.9,66
30.1,33,25,72,2.03,4,8.3,29.4,47
29.5,32,25,74,0,5.1,13.5,18.3,54
28,33,24,79,0,5.5,12.4,18.3,49
29.1,33,25.8,81,0,5.3,14.8,24.1,44
30.2,34.4,26,70,0,5.8,17.6,25.9,53
32.1,36,25.6,61,0,5.8,15.9,27.8,62
26.1,29,23.7,89.5,618.99,4.1,17.1,27.5,76
26.9,31,22.7,79,1.02,5.5,19.1,31.7,59
25.1,27.6,23,90,0,3.9,23.5,31.7,43
27.6,30,22.6,75,1.02,5.1,17.2,29.4,57
26.7,30,22.9,83,1.02,4.3,17.2,24.1,80
25.1,28.4,22.4,97,51.05,2.3,14.8,24.1,35
26.4,31,22.5,89,0.51,3.5,14.1,20.6,59
25.6,27,24,91,4.06,3.5,19.3,33.5,57
25.9,28.4,23.6,91,0,3.5,12.8,20.6,29
26.1,30,23.4,90,11.94,5.5,16.7,25.9,50
24.6,25.2,24,97,2.03,4.5,17,27.8,45
27.7,32,22,60,0,4.5,14.1,29.4,44
30.4,34,27,47,0,5.5,15.2,22.2,60
34.4,38,28.4,37,0,5.6,14.3,29.4,67
28.8,32.4,24.6,77.5,152.91,5,13.8,23.2,53
30.3,35,25,74,0,6,13.9,22.2,57
29.4,33,24.8,75,0,5.8,16.5,24.1,58
29.7,34,23.9,73,0,6,10.7,20.6,58
27.6,31,22.8,82,0,5,10.2,20.6,56
29.4,33,24.4,76,0,5,17.2,25.9,71
27.5,32,25,85,11.94,4.8,17.2,25.9,75
29.2,32,25.6,78,0,5.3,19.6,27.8,68
29.3,33.4,24.6,76,0,5.1,10.2,46.5,50
28.7,31,25.6,81,0,4.7,12.6,22.2,66
28.8,32,23.2,79,0,5.5,12.6,22.2,52
29.3,33.4,24.7,72,0.76,4.3,17.8,27.8,68
34.7,41,26.3,30,0,4,14.6,20.6,62
34.4,41.2,24.6,24,0,4,16.5,24.1,67
32.8,40,25,31,0.76,4,12.4,24.1,55
28.9,33.9,23.7,70.2,405.14,4.7,14.8,27.3,61
27.7,33,23,82,36.07,5.6,13,37,78
28.8,34,24.9,79,0,5.5,13.9,25.9,68
29,33.2,25,75,0,5.1,22.8,33.5,80
26.2,30,22,87,33.02,5.1,15.7,25.9,72
27.8,34,20.6,78,125.98,5.1,21.3,33.5,77
28.1,35,25.4,72,0.76,4.3,13.3,22.2,64
29.7,35,25.6,69,0,4.3,9.6,14.8,84
28.8,33,23.4,71,8.89,4,10.4,22.2,57
31.9,37.2,25.6,54,0,5.3,13.1,20.6,66
32,35.4,24.8,52,0.76,5.5,12,24.1,81
29.9,34.4,24.4,58,0,4.8,15,27.8,96
26.8,34,20,31,0,4.7,10.6,22.2,143
27.1,34,19,33,0,5.3,12,18.3,103
29,35.4,19.6,31,0,6.1,17.6,31.7,81
34,40.8,25.8,31.5,34.04,4.3,14.6,25.2,112
34.2,39,27.4,37,0,5.5,12,24.1,98
37.9,43,29.9,25,0,6.1,21.7,35.2,106
36.2,44,26.9,19,0,4,22,33.5,126
38.1,44,27.6,18,0,5.5,16.7,25.9,112
33.6,42,22,16,0,4,12.2,31.7,106
33.9,41,26,14,0,4,23.3,46.5,110
32.7,40.4,25.2,23,0,4,11.1,20.6,87
33.3,40.4,26.8,45,0,4,6.7,11.1,81
32.3,38.4,23.2,50,0,4,6.5,9.4,94
31.6,39.4,25.4,49,8.89,3.7,10.4,18.3,109
23.9,30,17,61,0,4.5,9.6,18.3,56
30.8,37.2,22.6,31.6,0,4.3,11.7,21.2,64
30.2,36,23.4,43,0,4,10.9,24.1,109
31.9,38,25.4,31,0,4,17.2,27.8,113
28.4,34.8,20.9,39,0,4,11.1,22.2,85
31.2,37,22.6,31,0,4.3,15.4,25.9,94
31.4,37,24,31,0,4.2,12.4,20.6,88
33.8,40,24.6,29,0,4.5,9.3,16.5,84
33.2,40.2,23.4,27,0,4.2,7.6,11.1,104
31.2,38,22.5,28,0,4,9.1,22.2,74
30.2,36.4,19.8,28,0,4.7,9.1,11.1,91
30.7,37,21.2,25,0,4.7,16.3,29.4,134
29.8,38,21.2,29,0,4,11.3,27.8,119
16.5,22,9.8,49,0,5,9.8,20.6,135
24.4,30.8,16.6,46.1,28.19,5.3,10.3,19.5,120
30.8,36.4,22,33,0,4.7,17.8,25.9,113
19.9,22,18,91,4.06,4.3,11.9,22.2,162
26.1,32,19.4,64,0,4.5,10,14.8,143
26.6,35.4,20,51,7.11,4.5,10.6,20.6,133
25.2,32,15.6,36,0,5.6,8.9,18.3,100
26,31,19.7,45,0,5.6,13.1,24.1,122
26.6,33,18.6,43,0,5.8,8.3,25.9,124
20.4,26,13,40,0,5.8,10,16.5,122
19.7,28.6,11.4,36,0,5.3,8.5,20.6,128
21,27,14,37,0.51,5.1,7.8,14.8,125
22.4,28,15,43,0,6,13.1,20.6,148
21.5,27,13.4,48,0,6.4,8.9,16.5,127
21.7,29,13.8,45,0,5.8,10.4,25.9,107
15.8,20,12,88,0,1.1,9.1,22.2,112
14.8,20,9.7,82,0,1.8,8.9,14.8,137
20.4,27,12.5,50.6,0,4.9,9.4,17.2,82
24.6,30,15.2,43,0,5.1,8.3,16.5,142
23.2,28,13,43,0,4.8,9.1,18.3,150
19.3,27,11.6,54,0,4.5,7.6,18.3,123
23.7,31,17,46,0,5.5,11.1,16.5,125
24.4,32,17.6,48,0,5.5,13.3,22.2,138
23.1,31,13,40,0,5.5,9.8,18.3,163
21,28,12.4,47,0,5.5,8.5,18.3,167
21.3,28,13,52,0,5.3,10.7,22.2,134
21.7,28.2,13,57,0,4.8,8,18.3,142
15.2,23,8,52,0,4.2,9.3,14.8,159
16.6,22,10,53,0,4.5,12.4,20.6,140
17.7,23,12,60,0,4,11.7,22.2,116
17.5,23.4,10.5,55,0,5.1,9.4,16.5,165
16.6,22.2,8.4,49,0,5.1,10.6,22.2,173
15.6,22,7.6,58,0,5.1,8,14.8,145
20.8,27,13.2,59,0,4.7,9.3,20.6,182
18.4,26,10,55,0,4.8,5.9,11.1,157
17.1,24,9,57,0,4.8,5.7,13,152
19.1,26,11,71,0.25,2.9,9.6,16.5,158
15.3,22,6.4,62,0,3.5,7.8,11.1,164
13.2,19,8.8,75,0,2.1,9.6,18.3,173
18.1,24,14.9,88,0,1,8.3,13,123
18.2,22,14.6,88,6.1,1.8,6.3,11.1,160
20.9,28,10,58,0,4.3,8.7,18.3,179
13.4,18,8,64,0,3.9,9.4,20.6,183
19.4,25,12,77,0,2.7,14.8,25.9,149
19.9,26,12.4,62,0,4.8,10.2,16.5,132
24.1,30.6,21.8,90,5.08,5.5,7.4,13,66
25.6,32.8,22.8,83,1.02,5.6,8.3,24.1,56
26.1,32.8,23,79,0,5.6,8.5,16.5,53
25.9,34.7,21.5,84,46.99,5.6,5.6,11.1,47
27.9,34.7,24,73,4.06,5.8,6.7,11.1,65
26.1,36,23,88,0.51,5.5,5.2,25.9,90
27.8,37.8,23,75,7.87,6,5.9,9.4,63
29.9,37.8,25,60,0,5.6,7,14.8,55
30.7,38.8,24,53,0,6.3,6.5,11.1,84
30.4,40.8,26,60,0,6.3,8.1,14.8,108
32.3,40.8,26,46,0,6.3,8.1,13,106
31.8,40,25.9,46,0,6.9,8.3,18.3,119
31.8,40,27,52,0,6.4,7.6,24.1,138
30.6,39,24.6,57,0.25,6.6,6.5,14.8,111
31.1,39.4,25,50,1.02,6.3,6.5,14.8,110
30.3,39.4,27,56,0,5.8,8,14.8,132
31.7,39.2,27,50,0,6.4,6.5,9.4,134
27.6,36.2,24,69,0,6.3,8.7,11.1,119
27.3,36.2,23,80,0,5.5,5.7,11.1,90
28.8,35.8,25,74,0,5.6,5.7,9.4,97
32.1,40.2,25,54,0,6,5.6,18.3,138
31.3,38,25,62,0,6.3,3.9,9.4,135
32.3,40,26.8,43,0,6.8,3.5,9.4,159
32.6,39.7,28,45,0,6.4,3.7,14.8,153
32.4,40,26,45,0,6.6,4.8,9.4,143
32.5,40.9,27,53,0,6,4.3,9.4,156
32.8,41.5,28,39,0,6.6,4.4,9.4,131
32.8,41.7,24,37,0,6.3,3.3,14.8,150
33.7,40.4,26,41,0,6.9,3.5,7.6,157
32.7,40,27,38,0,6.6,3.5,7.6,139
32.8,40,24,41,0,6,3.1,9.4,160
31.1,41.4,24,53,18.03,5.1,5.4,11.1,156
33.7,41.4,26,34,0,6.6,4.1,9.4,146
32.5,40.6,25.7,41,0,6.1,4.3,9.4,142
31.8,39.3,25,45,0,6,4.3,7.6,110
31.6,38.7,24,44,0,6.1,4.8,9.4,114
29.7,38.4,23,55,0,6,4.3,7.6,117
30.8,39,24,43,0,5.5,5,9.4,136
31.6,39,25,44,0,6.1,4.4,7.6,155
30.1,38.7,23,62,0,5,5.7,11.1,157
30.4,40.8,24,59,0,4.5,3.7,7.6,162
31.9,40.4,24,43,0,5.6,4.1,9.4,158
30.9,38.8,24,54,0,5.1,3.3,7.6,159
30.5,37.8,22,55,0,5.3,3.9,11.1,160
29.6,37.6,23,60,0,4.3,4.4,7.6,162
30.7,37.4,23,43,0,5.5,3.9,9.4,161
28.7,36.6,24,50,0,5.1,3.7,11.1,155
28.6,39.2,21,52,0,5.1,4.8,9.4,159
28.4,36.7,16,28,0,5.8,4.1,9.4,155
28,36.6,19,26,0,5.8,3.1,7.6,151
27.9,34.6,20,42,0,5.5,3.3,7.6,163
27.9,34.6,18,42,0,6.3,4.1,7.6,159
27.1,33.4,18,44,0,6.3,4.3,9.4,157
26.9,32.7,19,45,0,6,4.3,9.4,132
26.9,33.6,17,40,0,6,4.4,9.4,131
26.3,34.2,16,37,0,6,5.2,9.4,111
27.4,34,17,31,0,6.3,4.4,7.6,107
26,32.4,19,46,0,5.5,6.3,9.4,109
25.1,33.8,19,49,0,5.3,7,11.1,111
26.6,33.5,18.6,37,0,6.1,5.2,7.6,120
25.8,34.4,17,39,0,5.6,3.9,11.1,154
25.8,34,17,48,0,5.5,3.9,9.4,153
25.8,31.8,18,48,0,5.3,5.9,11.1,153
23.9,31.2,18,62,0,5,4.4,7.6,160
23.7,30.5,15,56,0,5.1,3.5,7.6,161
23.2,30.6,13,44,0,5.5,2.8,7.6,158
23.3,32.2,18,72,0,5,5.4,14.8,155
24.9,31.7,18,63,0,4.7,4.1,7.6,155
24.3,31.2,16,62,0,4.8,3.5,7.6,155
25.3,33.4,17,57,0,5.3,4.6,9.4,160
25.3,33.4,14,52,0,5.3,3.9,7.6,162
24.4,33,13,44,0,5,3.5,5.4,162
23.8,32,13.4,39,0,5,2.8,5.4,159
21.4,29.7,16,55,0,4.5,4.8,9.4,163
21.6,28.8,15,57,0,4.3,3.7,7.6,163
21.1,28.7,15,59,0,4.2,2.2,7.6,163
23.7,32.2,16.3,53,0,5.3,4.1,9.4,142
23.2,31.8,14,53,0,5,2.6,7.6,147
22.2,30,14,59,0,5,2,5.4,151
23.7,29.2,19,69,0,5,4.1,9.4,116
21.4,30.6,19,88,2.03,4.3,4.4,16.5,131
23,28.8,18,77,0,4.3,5.4,9.4,133
22.7,28,18,78,0,4.8,5,9.4,120
21.8,28,17,72,0,4.8,4.8,9.4,141
21.4,28,14,68,0,4.8,3.1,7.6,162
21.3,27.2,16,76,0,4.2,3.1,7.6,163
21.2,27.9,17,78,0,3.9,3.1,9.4,162
22,27.6,17,73,0,4.2,4.8,9.4,161
22.1,30.6,17,78,0,3.5,3.7,9.4,162
23.1,31.5,16,74,0,3.9,3,7.6,162
22.6,31.6,14,65,0,4.5,3.9,9.4,163
19.7,28.8,10,49,0,4.5,2.4,5.4,161
19.6,27.8,13,58,0,4.3,3.1,7.6,162
20.6,28.5,13,62,0,4,2.2,7.6,162
21.2,27.4,15,63,0,4.7,3.9,7.6,163
22.1,28.2,19,77,0,3.9,5.2,7.6,163
22.7,29.8,19,72,0,4.3,3.5,11.1,162
23.6,31.2,17.9,72,0,5.3,3.5,7.6,161
24.3,32.6,17,64,0,5.3,5,9.4,156
23.8,29.9,18,72,0,4.2,4.6,7.6,162
23.8,30,18,72,0,4.5,4.3,9.4,163
23.6,29.4,18,73,0,4.8,4.3,11.1,163
22.4,31,16,67,0,4.2,3.9,11.1,160
23.8,32.2,17,62,0,5.5,4.1,9.4,161
24.8,31.6,19,69,0,5,4.1,11.1,151
22.3,27,21,96,5.08,4.5,5.4,9.4,93
21.9,27.7,21,96,1.02,4.3,5.4,9.4,95
23,27.9,21,92,0.51,5,5.6,9.4,122
24.8,30.5,22,83,0.25,4.5,6.7,9.4,107
24.8,30.4,22,83,0,4.7,4.3,9.4,109
24.2,28.7,22,86,0,4.8,5.9,14.8,106
22.7,30.2,15.1,54,0,4.7,5.2,14.8,163
23.2,29.8,15.6,55,0,5.3,3.7,7.6,162
23.4,30.6,17.6,64,0,5,3.3,9.4,163
24.6,29.6,21.9,83,0,5,4.6,9.4,104
24.1,28.2,21,83,0,4.7,4.4,9.4,147
22.8,31,19.1,69,0,4.2,4.4,7.6,161
25.2,30.6,21,69,0,4.7,4.3,11.1,163
24.4,31,17.5,57,0,5.3,5.4,11.1,162
24.4,31.2,17.8,59,0,5.3,5.2,9.4,160
24.7,32.4,18.6,62,0,5.5,5.4,9.4,160
25.6,32.3,19.6,62,0,5.8,3.9,9.4,142
25.7,31.9,21,67,0,5.3,4.1,7.6,156
25.9,31.7,23,77,0,5.5,3,9.4,147
26.1,32.6,20.2,70,0,5.1,3.7,9.4,156
26.7,32,21,68,0,5.1,4.3,9.4,161
26.2,32.2,21.6,72,0,4.7,2.8,9.4,162
24.8,32.9,21,88,18.03,4.8,3.9,9.4,70
26.8,32.2,20,83,0,5.3,3.9,14.8,89
26.4,31.7,23.4,84,5.08,5.6,4.1,9.4,87
27.4,32.2,24.5,79,0,5.5,3.7,9.4,75
26.7,32.8,23,81,0,5.6,5.4,11.1,88
27.8,32.6,23.8,79,0,5.3,5.2,7.6,126
21.9,28.9,20,97,3.05,2.4,6.7,11.1,65
25.8,31.8,21,84,0,5.1,4.4,9.4,66
24.6,33.2,22.5,87,0.51,5.1,5.7,11.1,56
25.8,33.6,21,82,20.07,5.1,3.1,9.4,79
25.8,32.7,22,79,0,5.6,8.9,16.5,77
25.1,30.6,22,86,0,5.5,8.3,11.1,60
24.9,30.4,23,88,4.06,5.1,8.1,14.8,41
22.1,25.1,21,98,10.92,5,5.6,11.1,53
24.4,32.8,22,91,38.1,4.3,4.1,9.4,69
25.5,32,21,87,0,4.7,4.1,9.4,103
24.9,29.6,22.2,87,5.08,5.6,4.1,9.4,84
23.2,26.2,22,95,3.05,4.8,2.8,5.4,83
24.9,31.6,23,90,0.25,5.1,3,7.6,91
25.2,32.3,21.8,86,12.95,5.5,4.8,9.4,78
25.8,33.4,23,86,7.11,5.3,3.7,9.4,89
24.3,29,23,90,0,4.8,3.1,5.4,74
24.1,28.5,22,88,0,5.6,5.2,11.1,64
24.4,27.8,22.2,86,1.02,5.5,9.3,16.5,59
25.7,31.8,23,78,0,5.5,7,20.6,86
26.4,33.9,24,77,0,5.5,7.6,16.5,77
28.3,34,24.2,73,0,6.6,5.2,9.4,81
27.3,34,23.2,79,5.08,5.8,5.7,9.4,88
28.2,33,24,67,1.02,6,5.2,11.1,79
26.1,31.8,22.7,74,0,6.3,9.3,20.6,60
26.2,31,22.6,74,0,6.3,12.4,18.3,52
25.6,29.9,22.8,77,0,5.5,11.9,18.3,50
25.3,31.2,22,80,3.05,5.6,10.4,14.8,50
26.7,31.4,23.5,78,1.02,5.6,14.3,22.2,56
26.4,31,23.5,82,0,5.5,11.7,18.3,58
21.9,29,21,99,6.1,4.2,12.6,33.5,38
24.7,29.2,22.1,87,0.51,5.3,11.7,18.3,52
24.5,30.9,21.6,89,38.1,4.5,9.6,14.8,46
25.9,29,21.8,84,69.09,4.7,5.6,9.4,62
23.8,27.8,21,92,29.97,4.8,10.9,14.8,42
23.2,29.2,21.8,96,34.04,3.7,6.3,16.5,52
26.1,30.2,23.4,84,0,5.5,8.5,16.5,53
24.9,36.5,21.2,89,56.9,4.8,4.6,9.4,67
27.3,35.6,22,76,11.94,5.3,5.7,24.1,89
28.6,32,24.4,69,0.25,5.6,8.3,24.1,75
25.7,31.8,22,84,18.03,4.5,5.7,13,66
28.1,34.7,23.2,77,0,5.5,4.1,11.1,67
27.9,33.8,24,71,0,5.5,12.6,18.3,70
27.4,31.2,23.5,67,0,5.5,14.6,22.2,65
29.2,34,24,60,0,5.5,14.1,20.6,83
28.7,33.4,23.6,62,1.02,5.3,16.1,29.4,56
26.2,30.8,23.7,76,0.51,5.3,14.1,25.9,62
26.8,32.2,23,78,0.51,4.8,15.4,22.2,70
26.3,32.4,22,82,16,5.3,10.6,22.2,59
27.1,32.5,23,76,0,4.7,12.2,18.3,42
26.7,35.6,24,74,0,5.1,12.8,18.3,46
30.7,35,25.6,60,0,6.3,8.9,14.8,64
26.4,34.7,23.1,77,1.02,4,5.6,11.1,61
28.2,37.4,22,75,27.94,5.1,3.7,11.1,74
31.1,38.2,27,54,0,7.2,8.7,29.4,64
33.6,39.2,27.2,32,0,6.3,10.4,20.6,72
31.8,36.2,26.5,50,0,6.1,7,13,112
30.1,37,23.6,69,12.95,5.8,9.8,18.3,108
31.7,36.8,22,59,0,5.5,7.6,13,108
29.7,36.8,24.8,64,1.02,5.3,15.6,22.2,50
29.9,38.8,24,65,0,6.3,6.7,14.8,50
32.3,39.5,23.5,48,7.11,6.6,5.7,20.6,49
32.4,37.4,26.4,48,0,6.6,7.8,13,67
31.4,37.1,26.8,54,0,7.2,6.7,13,87
31.3,37.7,25.1,50,0,6.3,5.4,9.4,60
27.8,36,22,62,4.06,5.6,5.2,11.1,74
31.4,35.6,25.7,44,0,7.4,6.1,13,82
30.9,38.8,26.2,50,0,6.4,6.1,14.8,100
32.9,38.9,25,34,0,6.8,5.4,22.2,108
32.7,37.9,26.5,33,0,6.9,4.8,11.1,130
32.3,37.4,25.2,43,0,7.4,4.4,13,121
31.4,38.4,24,48,0,6.4,5.6,14.8,127
31.2,37.2,23.8,45,0,6.3,6.3,25.9,124
27.9,35,22,53,0,6.6,4.6,11.1,140
26.8,35.2,20,59,6.1,6,4.8,14.8,126
30.2,37.5,24,49,0,5,5.2,13,129
30.2,38.3,26,41,0,6.3,3.9,14.8,113
31.2,37.8,23,44,0,5.6,5.2,11.1,94
27.9,34.8,17,31,0,6.3,5.7,14.8,155
25.6,35.8,14,31,0,6.4,4.8,13,158
27.9,35.6,18,46,0,6,5.7,11.1,158
28.1,36.6,18,43,0,6,6.3,13,164
28.8,37.2,17,34,0,6.1,4.6,11.1,163
27.8,36.2,20,40,0,5,5.4,13,143
28.1,36.8,19,44,0,5.1,3.3,11.1,140
28.4,36.6,22,39,0,5.1,4.3,13,153
27.7,35.8,17,37,0,5.1,3.5,11.1,146
25.2,32.4,17,49,0,5,3.5,11.1,151
24.4,29.8,17,63,0,5.1,2.8,13,153
24.6,33.6,16,45,0,5.3,7.2,14.8,148
26,33.2,18,43,0,5.6,7,16.5,157
26.2,32.2,19.5,40,0,5.1,5.4,18.3,124
23.1,30,14.6,43,0,5.3,1.7,9.4,142
22.1,30,15,43,0,5.5,5.4,13,149
22.4,31.1,14,51,0,5.1,5.6,14.8,159
22.6,29.7,14,45,0,4.8,5.6,11.1,139
22.3,29.6,15,57,0,4.3,5.4,14.8,140
22.9,29.5,17.4,69,0,3.5,5.7,11.1,148
24.7,33.2,17,61,0,4.8,6.7,14.8,143
25.6,33.2,17,55,0,4.8,5.2,11.1,154
25.5,32.6,16,55,0,5,3.5,9.4,155
24.5,32.6,14,58,0,5,2.8,7.6,151
24.1,30,17.4,54,0,4.3,5.4,11.1,159
24.2,30.9,17,58,0,3.5,4.8,9.4,163
24.7,30.9,17.5,54,0,4.3,4.4,11.1,153
24.8,31.6,17.6,51,0,4.7,4.8,9.4,50
24.2,30,20,57,0,5,8,14.8,122
24.5,30,21,68,0.25,4.2,6.9,13,147
23.5,27,19.5,66,2.03,4,4.8,11.1,162
22,27.8,16.4,66,0,3.4,6.3,11.1,163
21.9,27.2,16.4,71,0,3.2,4.8,9.4,163
21.1,26.6,17.5,78,0,3.2,3,9.4,163
21.6,27.6,17,78,0,3.2,2.8,7.6,162
21.2,29.8,13,60,0,3.9,2.6,7.6,157
20.4,27.8,13,71,0,3.5,2,9.4,145
20.3,28.2,13,74,0,3.5,3.9,11.1,148
20.1,28.4,11,42,0,5.3,4.4,11.1,152
20.2,28.8,14,55,0,4.8,6.5,14.8,154
21,30.2,14,61,0,4.5,5,11.1,147
22.8,30.2,15,68,0,5,4.6,14.8,122
22.8,29.3,16,59,0,5.1,5.2,11.1,135
22.7,29.4,15,62,0,4.8,3.9,11.1,136
22.2,30.5,13,55,0,5,3.7,9.4,149
21.8,30.7,15,55,0,4.8,5,16.5,147
22.9,31.6,15,64,0,4.8,4.8,14.8,155
22.3,30.4,14,70,0,4.5,4.6,9.4,110
22.5,29.8,15,59,0,5,5.4,11.1,108
22.8,30.1,17.2,70,0,4.8,2.4,9.4,138
18.4,25.7,17,96,3.05,3.4,8.7,14.8,162
21.9,30,19.5,82,0.51,4.5,8.5,22.2,156
24.9,32.2,18.9,62,0,5.3,1.9,7.6,126
25.3,31.6,19,63,0,5.1,2.2,7.6,148
25.3,31,21,76,0,5,4.6,9.4,146
24.9,31.5,18.6,69,0,5,5.6,11.1,157
25.3,30.4,18.6,69,0,5,5.2,9.4,164
24.2,28.4,20,79,0,5.1,4.1,16.5,162
21.8,31.2,13.6,48,0,4.8,5.4,11.1,159
23.9,31.4,17.8,51,0,4.7,4.3,9.4,160
24.9,30.6,21,67,0,3.9,5,11.1,162
24.9,32.8,19.2,64,0,5.1,7.4,16.5,163
25.1,31.8,17.5,65,0,5,4.6,11.1,164
24.5,31.5,17.5,60,0,5.1,3,7.6,162
24.7,31.5,19,66,0,5,5,11.1,163
24.6,31.8,18,66,0,4.8,3.9,13,162
25,32,20,68,0,4.7,3.1,9.4,160
26,33.2,20.2,71,0,4.7,3.5,14.8,134
25.1,30,22,88,12.95,4,5.6,9.4,93
23.1,32.5,21,98,21.08,3.1,1.1,18.3,97
24.9,31.8,22,93,0,3.9,2.4,22.2,99
24.4,27.8,22,92,22.1,4.8,4.4,9.4,85
22.1,25,21,99,192.02,3.7,7.6,11.1,115
22.1,27.4,21,99,44.96,2.1,12,33.5,144
25.5,31.3,21,88,0,3.7,2,5.4,124
25.3,29.6,20.6,86,0,3.7,3.5,9.4,121
23.6,33,21,83,0,3.7,5.9,13,123
27.3,32.8,24,72,0,5.1,5.2,14.8,104
26.9,32.4,22,76,0,5.1,6.3,16.5,93
25.4,31,22,84,0,4.8,8.7,18.3,63
24.1,29.2,21.6,86,7.11,4.8,7.2,16.5,57
22.1,31.8,21,96,59.94,3.9,7.6,14.8,49
25.8,31,22,83,0,4.7,9.4,18.3,45
25.1,32.2,22,89,7.11,5,11.7,18.3,61
24.9,30.4,22,92,11.94,3.9,6.7,11.1,57
24.2,32.8,22,96,0.51,3.5,5.7,11.1,59
24.8,28.6,21.6,91,6.1,4.7,7.2,13,94
23.3,28.1,21,96,17.02,4,9.3,16.5,84
23.8,32,21.6,92,28.96,4.7,10.4,16.5,95
30.3,35,24,63,0,5.3,4.1,11.1,71
30.3,34.2,24.2,58,0,5.3,6.7,16.5,80
28.9,32.8,24.3,66,0,5.6,7.8,14.8,96
28.6,33,24.7,70,0,5,4.4,11.1,59
28.8,33,23.8,69,0,5.1,4.6,13,57
28.9,33,23.1,64,0.25,5.5,6.3,14.8,52
24.8,30.9,23.7,84,0,4,8.3,14.8,51
27.6,31.6,24,71,0,5.5,6.9,13,61
27.8,32,22.9,70,0,5.3,9.4,14.8,41
25.3,28.6,21.8,83,9.91,5.1,10.7,16.5,48
23.1,25,21.2,95,22.1,3.5,10.7,14.8,37
23.8,29.5,21.5,95,8.89,3.9,7.6,16.5,53
21.6,25.4,21,98,23.11,3.1,10.6,18.3,50
22.6,24.6,21,95,35.05,4,11.9,18.3,73
21.8,29.7,21,98,5.08,3.5,12.2,16.5,72
24.5,32,22,87,6.1,4.5,11.7,20.6,37
26.8,31.2,23,78,0,5.5,14.8,25.9,50
26.4,32.1,23,83,0,5.3,10,14.8,40
25.9,33.6,23,81,3.05,5.3,16.5,24.1,85
25.3,32.7,21,90,23.88,4.7,6.1,20.6,84
26.3,34.3,23,87,29.97,4.7,5.6,13,53
27.4,33,23.8,75,0,5.5,10.6,18.3,89
26.9,32.2,22.5,77,0.51,5.5,9.1,13,75
25,31.4,22.8,89,0,4.7,0.7,14.8,57
27.6,33.2,22,75,4.06,5.3,6.9,13,53
26.6,33,24,84,0,5.1,6.1,11.1,37
25.9,32,24,85,1.02,4.7,5.7,16.5,37
23.2,29.9,22,97,8.89,4,7.8,14.8,58
25.2,31.8,23,86,0.51,4.8,10,16.5,46
25.8,32.1,24,84,0,4.8,8.3,13,39
26.3,33.2,23,81,1.02,4.7,11.5,18.3,54
26.2,32,23,80,0,4.7,9.3,18.3,48
26.8,31.2,24,78,0,5.3,10.2,16.5,36
28.4,35.5,22,75,28.96,4.5,5.9,22.2,72
29.5,35.6,25,68,0,4.8,6.1,9.4,62
29.8,35.8,26,65,0,5.3,8.5,14.8,87
26.2,33,23.9,79,2.03,4.8,12.6,20.6,74
27.6,33.5,25,75,4.06,4.7,13.7,27.8,67
28.1,32.2,24,73,0,5,10.2,18.3,66
27.1,31.2,23.6,75,0,4.8,9.8,18.3,38
30.4,39.7,24,63,17.02,4.2,5.7,27.8,44
37.2,42.3,30.6,38,0,6.1,5.9,9.4,52
36.1,42.3,29.6,41,0,6.3,3.9,9.4,60
36.2,42.4,29.2,46,0,5.1,6.1,9.4,66
36.8,43,27,24,0,5.8,6.5,11.1,72
34.4,41,27.1,45,0,5.5,7.4,18.3,155
32.1,38,24.4,50,0,5.5,4.8,9.4,103
31.6,41.2,26.8,59,0,5.3,5.9,11.1,110
35.9,42,27.1,39,0,5.5,4.8,9.4,115
32.7,39.7,24.6,54,0,5.5,4.3,14.8,94
30.2,39.8,24.8,55,10.92,5,8.3,18.3,100
32.7,40.7,27.2,56,0,5.5,4.8,9.4,125
34.2,39.7,26.4,42,0,5.5,11.3,22.2,132
32.3,38,25.6,48,0.25,6,4.3,13,126
31.2,38.6,26.2,51,0,5.5,8.5,22.2,142
33.4,39,23.8,31,0,6,5.2,13,148
32.9,39,24.6,32,0,6.4,4.1,13,142
32.9,38,24.2,35,0,6,4.8,11.1,128
32.6,37,22.9,37,0,6.9,9.3,18.3,123
29.8,35.2,22.9,53,0,5.3,8.5,20.6,133
30.3,35.1,22.8,53,0,5.3,10,16.5,123
29.7,36.2,22,55,0,5.3,6.3,16.5,145
29.6,36,20.3,57,13.97,5.3,6.5,13,108
27.5,36.2,21,65,0,4.5,6.3,14.8,122
28,34.4,21.8,61,0,5.1,9.6,16.5,128
27.4,35.9,21.7,69,0,5,6.9,13,106
29.3,37,21.7,60,0,5.3,10.2,20.6,137
27.1,32.2,21.8,71,0.51,4.7,8.1,16.5,134
27.6,34.1,23.1,76,0,4.5,10,16.5,137
27.8,34,23.4,71,0,4.7,10,18.3,162
28.8,34,21.7,59,0,5.1,5.9,13,150
28.2,33,21.2,59,0,5.1,6.9,16.5,156
26.6,32.8,20.2,65,8.89,4.8,7.4,14.8,152
26.6,31.8,19,42,0,5.8,7.8,13,160
26.3,33.4,21,55,0,5.1,8.3,16.5,160
27.6,34.7,20.8,59,0,5.3,8.7,14.8,155
25.6,31.5,19.6,56,0,5.3,11.1,16.5,143
26.1,32.6,19.4,64,0,5,11.7,16.5,130
26.5,33.2,16,54,0,5.1,7,13,117
26.8,33.2,16,47,0,4.8,4.3,13,121
25.4,32,15,47,0,5.1,3.5,14.8,141
24.3,30.6,17.3,53,0,5.1,5.6,14.8,138
21.1,29.2,19,88,4.06,4,9.3,16.5,160
27.1,34,20.4,63,0,5.1,11.1,20.6,158
25.4,31,19.4,70,0,4.5,8.9,14.8,162
25.2,31.7,20.7,73,0,4.8,9.3,13,162
26,32,19.4,69,0,4.8,9.6,14.8,140
25.3,31.4,18.3,68,0,4.7,9.1,14.8,146
26.8,33,17,54,0,5.1,5.7,11.1,136
26.1,32,18,58,0,4.7,3,5.4,155
25.4,30.6,20.1,65,0,5.1,9.1,16.5,161
25.7,31.7,20,70,0,4.8,8.5,13,140
25.8,32,19.7,70,0,4.8,7.2,14.8,135
23.9,30.7,17.9,65,0,4.5,8.9,16.5,154
24.3,32,16,67,0,4.2,6.1,14.8,158
24.8,31,14,54,0,4.7,3.5,13,127
23.7,29.9,19.2,81,0,4.5,4.8,13,146
24.5,29.2,20.6,78,0,4.2,7.4,11.1,161
24.7,29,19.4,74,0,4.3,8.5,13,163
23.7,29,17,74,0,4,4.3,14.8,159
23.2,28.3,16,73,0,3.9,3.3,9.4,163
23.3,28,18,76,0,3.9,3.5,9.4,163
24.8,29,19.2,71,0,4.8,8,18.3,164
24.9,30,20,76,0,4.7,7.8,14.8,140
25.2,30,18.7,69,0,4.8,5.2,13,120
23.9,27.5,19.7,79,0,4.3,5,14.8,155
23.6,27.6,18,79,0,3.9,4.6,11.1,160
22.9,27,16,75,0,4,5.2,55.4,163
23.4,26.8,19.7,89,4.06,3.9,3.3,9.4,162
23.8,29.2,20,86,0,3.9,8.1,18.3,163
24.3,29,18.4,71,0,4,6.5,16.5,158
23.3,29.5,17.8,76,0,3.7,5.9,11.1,159
24.4,29.4,17.6,76,0,3.5,7,13,159
24.9,29.4,20.6,77,0,4,6.1,11.1,164
25.4,31.4,21.6,78,0,3.9,6.1,11.1,161
26.7,31.7,20.2,69,0,4.3,4.3,9.4,162
25.4,29.5,20.4,78,0,4,4.1,11.1,162
25.2,29.7,20.6,76,0,4,5.9,11.1,163
25.2,30.8,17.6,71,0,5.5,6.9,13,161
26.6,31.4,20.9,75,0,3.7,4.6,11.1,159
26.7,32.2,22.8,76,0,3.7,2.6,9.4,159
27.3,32.6,20.7,72,0,4.7,3.5,7.6,161
27.6,31.2,21.1,79,0,5.1,4.8,9.4,163
27.2,30.5,22.5,81,0,5,5.9,11.1,162
26.6,30,22.8,84,0,5.3,7.2,14.8,94
25.7,29.1,22.1,87,0,5.1,9.1,14.8,100
27.8,32,23.2,79,0,5.1,6.5,9.4,133
27.4,31,23,80,0,5.5,7.2,14.8,93
27.1,30.5,22.1,82,0,5.1,5.2,13,86
25.8,29,22.2,86,0,5.3,6.9,11.1,87
25.3,29.3,22.8,91,2.03,4.5,4.1,9.4,115
25.8,29.3,22.1,89,0,4.5,7.8,14.8,103
27.3,31.8,23.1,83,0,4.8,6.3,14.8,112
27.8,31.9,22.4,82,0.25,5.1,6.1,18.3,155
26.5,32,21.6,86,1.02,5,3.1,13,110
25.1,31.5,22.2,89,4.06,4.2,1.7,24.1,116
26.7,31.6,22.7,87,0,4.2,4.6,18.3,157
26.8,31.5,21.4,84,25.91,5.1,3.5,11.1,146
26.8,32.4,23.4,85,7.11,4.7,5.9,22.2,125
28,32,22.8,83,0,5.5,7,14.8,137
27.2,32,22.5,84,0,4.5,5.7,14.8,113
25.8,29,21.1,89,89.92,5.5,5,13,133
26,29.9,21.6,89,38.1,4.8,8,11.1,111
25.7,30.8,22,91,74.93,4.3,7.6,18.3,104
27.2,31.5,23,82,5.08,5.1,4.6,13,103
25.7,30,23.1,90,16,4.7,5.4,14.8,108
25.6,29.9,23.8,92,0,4.5,4.4,9.4,109
27.2,32.6,22.5,84,0.76,5.3,7,18.3,99
27.7,32,23.3,80,0,5.5,8.5,16.5,86
27.1,29,23.2,82,0,5.5,13.3,33.5,67
26.2,30,23.5,89,0,5.3,12,22.2,72
26.7,29,23.3,85,0,5.5,16.1,24.1,70
25.3,28.6,22.2,88,8.89,4.8,15.4,24.1,52
24.9,28.2,22,90,30.99,4.2,10.9,18.3,54
24.7,30.2,21.8,91,6.1,4.7,12.8,22.2,42
26.2,32,22.6,87,6.1,5.5,14.6,24.1,51
28.3,32,22.8,68,0,5.6,14.1,24.1,53
27.7,31.2,23.1,73,0,5.3,14.4,22.2,64
27.6,32.7,22.6,76,5.08,5.5,13.7,24.1,56
28.4,32.9,25.2,80,0,5.5,10.9,18.3,53
27.7,32.4,23.7,84,3.05,5.6,9.4,20.6,75
28.6,32,24.2,76,0,4.8,12.4,20.6,78
28.1,31.2,23.8,80,1.02,4.8,12.6,22.2,85
27.3,31.4,24.6,84,0,5.1,10.6,24.1,77
27.1,30,23.8,83,0.51,4.8,17.8,29.4,74
26.7,28,23.1,86,5.08,4.8,20.7,31.7,74
25.2,28.7,22.9,90,3.05,4.7,21.5,29.4,46
23.2,29.9,22.2,96,14.99,4.7,17.4,27.8,31
25.6,30.6,22.8,88,2.03,4.8,18,27.8,39
26.3,30,23,85,0.25,5.1,15.6,25.9,30
26.4,29.7,22.4,83,0,4.8,20.2,29.4,39
26.1,33.2,23,85,3.05,5.1,17,27.8,35
28.1,33,24.8,78,5.08,5.5,15.9,25.9,35
28.3,32,24.4,80,0,5.6,6.9,14.8,47
27.2,33.8,22.6,84,25.91,5.6,6.7,16.5,44
28.2,35,23,79,0.25,5.5,6.3,13,76
27.2,34.7,25,80,0,5.3,9.6,22.2,85
29.2,34.8,23,73,5.08,5.6,10.4,22.2,78
28.4,34,23.3,79,0.25,5.6,12.2,22.2,59
29.6,34.2,25.1,70,0.51,6,17.4,27.8,45
29.6,34,25,69,0.25,5.6,17.4,33.5,77
29.1,33,24.3,71,0,5.8,20.2,31.7,64
26.6,29,23.8,82,0,5.5,17,27.8,58
30.8,35.6,25,65,0.25,5.3,13.9,24.1,62
30.7,35,25,64,0,5.6,11.3,20.6,56
29.1,34.6,21.1,75,36.07,5,5.2,11.1,95
29.1,37.3,23.2,72,0,5,9.3,22.2,81
32.5,38.4,26.7,55,0,5.6,16.7,27.8,83
33.6,38.2,27.4,48,0,5.6,17,29.4,73
33.3,38,26,47,0,5.6,20.2,27.8,75
32.5,36,25.7,53,0,5.6,16.5,27.8,76
31.6,37.7,26.2,59,0,5.6,15.9,25.9,51
33.4,39,27.2,55,0,5.8,6.7,18.3,50
35.1,42,27,43,3.05,5.5,8.1,27.8,59
32.7,41.2,27.1,51,0,5.6,6.5,16.5,95
37.2,42,30,39,0,5.6,7.6,14.8,115
35.4,41.8,27.6,49,0,5.6,8.9,18.3,116
36.9,43.3,29.2,41,0,6,8.3,20.6,123
36.4,42,29.7,34,0,6.3,9.1,16.5,141
35.7,41.6,28.1,40,0,6.3,6.3,14.8,144
36,42,30,43,0,5.6,6.3,16.5,139
34.6,41.2,29.2,42,0,6.3,8.5,22.2,138
35.4,41.2,29.9,37,0,6,8.1,14.8,128
35.6,42,27,36,0,6.3,8,20.6,152
35.2,42.1,30,27,0,6.4,6.3,20.6,156
35.8,42.2,30,24,0,6.4,7.2,18.3,151
36.5,41.7,28.6,24,0,6.3,4.4,11.1,151
35.1,41.5,26.5,28,0,6.3,11.9,22.2,157
36.4,41.6,27.9,25,0,5.6,13.5,22.2,153
34.5,41,29,37,0.25,5.8,10,22.2,134
36.4,47,27.5,33,0,6.3,7.8,14.8,139
36,41,26,33,0,5.6,6.1,13,128
35.1,41,24.5,34,0,6,4.8,11.1,123
33.2,39,24,47,0,5.6,8,18.3,151
30.9,38,24.5,57,1.02,5.8,8.5,14.8,128
30.7,39,20.6,60,20.07,5.3,8.3,22.2,135
34.3,40,25,33,0,6,6.9,13,124
34.7,40,25.5,36,0,5.6,6.9,11.1,130
33.7,40,23.8,40,3.05,5.8,6.3,13,148
30.3,38.5,24.7,58,0,5.5,6.7,14.8,128
31.4,39.4,23.3,45,0,5.5,8.1,22.2,145
34.5,42,26.3,36,0,5.6,8,14.8,157
33.1,40,25.3,40,0,5.5,6.3,14.8,145
32.6,39,25,45,0,5.5,7.2,14.8,156
32.3,38,24.7,44,0,5.6,8,18.3,127
31.1,38,22.5,50,0,5.6,10,14.8,135
31.1,38,22.7,55,0,5.5,10.9,18.3,126
31.6,38,21.7,49,0,5.6,8.7,18.3,138
32.4,39,22.3,31,0,5.6,8.7,16.5,146
32.9,39,22.8,30,0,6,8.3,14.8,134
32.6,39,23.7,33,0,5.3,8.5,18.3,140
30.6,35,23.1,56,0,5.3,7.8,16.5,151
29.9,35.6,21.1,52,0,5.1,5.7,11.1,162
29.1,36,17.9,33,0,5.8,5,11.1,131
30,36,21.8,57,0,5.6,8,11.1,122
28.1,33.1,22.2,66,0,5.3,10.6,14.8,121
27.5,33.4,21.7,69,0,5.1,9.8,14.8,153
27.3,35.4,21.5,69,0,4.7,6.5,11.1,129
29.5,37.3,20.7,41,0,5.5,4.8,13,155
31.8,38,22.3,30,0,5.6,9.4,16.5,160
29.2,36,21.3,46,0,5.5,8,14.8,132
28.1,34.9,20.9,64,0,5.3,10,16.5,158
29.2,35,19.9,49,0,5.3,8.1,14.8,161
27,34,18.5,56,0,5,5.4,13,159
26.2,31,19.3,51,0,4.7,7.8,14.8,151
23.5,30.7,17.6,40,0,5.6,7.4,13,162
25,33.4,19.6,52,0,5.1,4.6,18.3,161
28.1,35,19.3,51,0,5.1,7,14.8,159
24.5,29,16.9,62,0,4.7,7.4,16.5,157
24.1,29.6,15.8,62,0,4.2,6.1,11.1,154
24.3,29,17.7,62,0,4.5,5.9,9.4,132
22.7,29,12.8,66,0,4.7,6.1,11.1,145
19.7,26.5,18,92,9.91,2.1,7.2,11.1,159
23.8,31,19.6,85,1.02,4.5,6.7,11.1,131
27,33,18.9,58,0,4.8,8.5,14.8,157
24.3,32,14.1,49,0,5,3.3,11.1,161
23.3,30.9,14,60,0,4.2,4.3,11.1,162
23.8,29.5,14.8,59,0,4.2,6.9,14.8,161
24.1,29.6,15.7,59,0,4.5,6.7,13,164
24.6,30,17.5,61,0,4.2,6.9,11.1,162
21.7,29.4,10.9,43,0,4.5,3,11.1,163
23.3,29,15.7,58,0,4,4.3,9.4,163
22.7,30.5,11.9,53,0,4.8,2.8,11.1,161
21.9,29,9.8,47,0,4.8,2.6,9.4,160
20.7,29,9,45,0,4.5,4.6,14.8,156
19.8,27.2,9.5,46,0,4.8,3.9,11.1,161
23.8,31.8,16.6,64,0,4.7,4.8,9.4,155
25.7,32,19,67,0,4,4.3,9.4,163
25.3,31,16.3,58,0,4.5,6.3,11.1,158
23.3,28,14.9,71,0,4.5,3,9.4,147
21.6,25,15.3,77,0,4.8,3.9,9.4,131
20.8,25,14.5,78,0,4.7,5.9,11.1,164
23.2,27,18.3,65,0,4,8.7,18.3,158
22,28.7,18.6,90,46.99,2.6,4.6,7.6,160
26.4,32,20.9,70,0,3.9,6.7,9.4,162
26.1,30.6,20.8,75,0,4.2,7.4,11.1,162
26.5,31.5,20.3,76,0,4.3,6.7,14.8,162
34.7,41,27.6,29,0,5.5,9.3,18.3,166
34.9,41,26.8,34,0,5.1,5,13,107
29.2,38,24.5,69,0,4.3,6.9,13,83
33.4,39,26.3,46,0,5.1,6.9,14.8,69
32.3,38,23.6,48,0,5.1,7.2,14.8,74
29.7,36,20.3,56,0.51,4.8,3.9,14.8,114
25.5,36.4,19.1,61,9.91,4.7,5.7,11.1,94
30.1,37,18.5,46,23.11,4.3,6.1,18.3,114
31.3,37,21.6,54,12.95,5.3,7.2,14.8,150
29.2,35,23,66,0,4.7,8.1,14.8,108
29.3,39,23,62,12.95,4.5,8,16.5,123
33.1,39,22,33,0,5,4.6,11.1,135
31.7,37,24,46,0,4.3,4.4,13,153
30.9,39.2,24,55,0,4.8,7.4,13,105
31.9,37,24.8,40,0,4.8,7.4,13,138
31.3,37,22,38,0,5.3,4.1,11.1,146
30.4,35,21,39,0,5,5.7,11.1,148
31.2,37.7,24.3,38,0,4.7,6.1,13,123
31.1,37,20,34,0,5,6.3,14.8,130
29.9,37,20,39,0,5.5,5.6,14.8,154
29.4,37,19,36,0,5,5.7,13,143
30.2,36.7,21.3,29,0,5.3,6.9,14.8,141
27.5,34,15,35,0,4.8,6.1,14.8,144
26.5,32.6,16.9,38,0,5,7.4,16.5,124
27.3,33.7,19,48,0,4.7,5.9,13,128
27.7,33,20.3,47,0,4.7,6.5,14.8,143
27.7,33,19.9,49,0,4.7,7.6,14.8,133
26.1,31,17.7,52,0,5,5.9,13,149
25.1,30.3,18.7,53,0,4,9.3,18.3,142
25.3,31.6,18.6,60,0,4,9.3,14.8,134
26.2,33.8,18,42,0,4.5,5.4,14.8,134
24.4,30.1,15.9,46,0,4,2.8,9.4,119
25.2,32.7,13,36,0,5.1,5.9,11.1,119
24.6,32.3,12.8,33,0,5.1,4.8,11.1,126
24.4,32.1,12,32,0,4.7,5.4,14.8,147
23.7,31,11.8,32,0,5,5.6,16.5,158
24.2,31,13.8,48,0,4.2,4.6,11.1,158
24.3,31.4,13.3,42,0,3.9,3.1,9.4,160
24,31.4,14.6,48,0,4,3.9,9.4,151
23.2,31,12.7,53,0,4,4.4,9.4,160
23.3,31.4,12.6,42,0,4.7,3.5,11.1,157
24.2,31.5,14.3,42,0,5,3.9,11.1,159
26.2,32,18.8,57,0,4.2,2.8,9.4,161
25.2,33,16,46,0,4.7,4.1,11.1,161
22.2,27.7,14.6,65,0,3.9,4.8,13,163
22.2,29.4,14,56,0,4.3,5,14.8,161
23.1,29.6,13.5,51,0,4.2,5,13,161
23.4,29.6,16.9,64,0,4.5,3.5,9.4,163
23.8,31.5,15.8,62,0,4.5,3.3,9.4,162
24.2,31,14.9,51,0,4.7,3,9.4,157
21.9,30,12,45,0,4.5,3.9,11.1,160
22.8,31.3,14.5,50,0,4.5,5.4,11.1,161
23.8,30.2,14,59,0,3.9,3.5,11.1,162
22.8,29.6,12.4,54,0,4.5,3.5,9.4,162
21.6,29.3,10.8,50,0,4.7,4.1,11.1,153
22.4,29,12.5,40,0,4.3,6.7,16.5,162
24,31.3,18,69,0,3.5,5,14.8,161
25.2,31.2,17.9,64,0,4.7,5.9,11.1,160
24.6,32.2,16,63,0,4.2,4.4,11.1,160
25.2,32.6,17.1,53,0,4.2,7.2,14.8,138
25.6,31.8,16.3,46,0,3.9,4.8,11.1,141
25.4,31.4,17.5,65,0,3.9,2,5.4,151
22.4,26,17,67,0,3.9,6.3,14.8,157
24.3,30.1,18.7,72,0,3.7,7.4,11.1,159
23.5,31.8,16.6,62,0,5,2.6,9.4,161
27,32.2,20.4,75,0,4.7,5.4,13,136
27.4,31.3,20.3,69,0,4.8,5,9.4,102
26.9,31.8,22,72,0,4.5,4.6,11.1,94
27.3,32.6,20.5,67,0,4.8,7,13,98
24.9,31,16.4,57,0,4.8,4.6,11.1,157
25.6,31.5,17,55,0,5,5.6,9.4,128
25.6,31.9,17.1,64,0,5,3.7,9.4,107
24.8,30.3,16.4,59,0,4.2,7.6,18.3,140
25.2,31.5,16.5,58,0,4.3,4.1,9.4,156
25.6,31.5,16.6,54,0,4.3,6.1,14.8,152
27.2,32,19.5,64,0,4.5,4.4,11.1,158
26.9,32.7,21.5,72,0,3.9,5.7,11.1,158
27.7,32.8,21,66,0,4.7,5.4,13,155
28.1,33.2,20.9,65,0,4.5,7,13,140
27.2,32.8,19.8,62,0,4.3,5.6,11.1,155
26.2,33,18,67,0,4.8,4.1,9.4,157
26.6,32.5,22.6,89,4.06,3.9,2.8,13,153
26.8,32.6,23.2,89,0,3.5,4.8,14.8,164
27.6,33,21.3,82,9.91,4.3,3.1,9.4,115
27.6,33,22.2,86,2.03,3.4,5.4,18.3,83
26.1,31.6,22.8,93,19.05,3.1,2.6,9.4,79
27.4,31,22.6,83,1.02,4,3,9.4,108
25.8,31.9,21.4,93,83.06,2.9,2.8,13,158
26.8,33.8,22.5,87,0,3.5,7,18.3,155
28.9,33,23.7,78,0,3.4,3,9.4,137
26.8,33,22.9,88,0,3.5,2.8,18.3,110
28.6,32.2,22.3,77,6.1,4.5,6.1,18.3,131
25.8,29,22.5,86,0,4.5,11.7,16.5,61
26.2,30,22.5,85,0,4.7,10.9,18.3,57
26.7,29,22.1,81,0,5.3,13.3,18.3,61
28.6,32.6,23.8,73,0,5.6,8,13,57
28.6,32,22.8,77,0,5.5,6.9,13,56
25.9,31.8,22.5,88,0,4.3,8.3,18.3,53
27.1,32,22.1,78,0,5.6,7.4,18.3,64
26,29.2,21.9,82,0,5.1,4.3,11.1,67
24.4,32.8,22.1,93,0,3.5,4.8,18.3,69
28.8,33.8,24.6,68,0.51,5.3,7.4,14.8,87
29.4,34.6,24.8,63,0,5.5,6.3,18.3,35
28.7,33.6,23.1,67,0,5.3,12.6,22.2,46
28.4,33,23,68,0,5.5,9.8,14.8,58
28.1,32,23.1,74,0,5.3,9.6,18.3,45
25.9,29.2,22.9,88,6.1,4.3,9.8,13,24
27.5,33,24,73,0,5,4.3,11.1,24
28.3,32.2,21.6,70,0,5.3,6.3,13,64
28,32.2,24,73,0,5.3,7.8,14.8,50
26.2,32.5,23,84,0.51,4.3,8,18.3,54
28,32,23.2,73,0,5.1,7.6,14.8,71
28.9,37.2,23.9,62,0,5.3,9.3,14.8,72
34.3,41,27,43,0,5.8,5.2,14.8,50
34.1,41,26.8,44,0,5.1,5.9,11.1,59
37.7,44,29.9,30,0,5.5,3.5,7.6,106
35.4,43,29,25,0,6,5.4,18.3,120
36.8,43,29,25,0,5.5,5.7,63,108
33.8,41.7,28,45,0,5,9.1,18.3,101
36.3,43,29,34,0,5.1,2,14.8,121
34.9,42,27,40,0,5.5,3.9,14.8,113
33.6,42,25,33,0,5,5.6,18.3,117
34.3,40,26.9,37,0,5.5,3.1,7.6,130
33.4,41,24,36,0,5.1,2.8,5.4,101
32.9,40,25,29,0,5,3.5,11.1,92
36.2,43,28,21,0,5.3,3.5,9.4,155
35.6,43,25,21,0,5.1,1.9,7.6,149
34.1,41,22,21,0,5.1,3,14.8,135
35.3,43,24,20,0,5.1,2.4,9.4,143
35.8,43,25,21,0,5.1,2.2,7.6,138
35.8,43,26.9,29,0,5,2.2,9.4,160
34.6,43,25,25,0,5.1,3,11.1,149
33.4,41,21,29,0,5.6,3.7,9.4,162
34.6,43,19,20,0,4.8,2.6,9.4,161
33.7,41,24,41,0,4.8,3.3,9.4,166
34,40,25.5,37,0,5.1,3.9,9.4,171
32.4,40.8,27.7,50,0,4.5,3.9,14.8,157
34.3,41,25,31,0,5.3,3.7,11.1,142
35.2,43,27,28,0,5.5,4.8,11.1,126
32.6,41,21,30,0,5.5,4.4,7.6,153
31.6,39.8,21,36,0,5.1,3.7,13,165
32.9,39,21,30,0,5.6,3.1,7.6,158
29.9,37,18,29,0,5.5,4.1,9.4,148
29.9,36.6,19,29,0,5.3,4.4,9.4,130
30,37,19,32,0,5.3,3.5,11.1,149
29.2,36,22,54,0,4.7,5.9,11.1,114
28.5,36,15,32,0,5,3.5,9.4,156
28.9,36.2,23,58,0,4.2,3.7,7.6,152
29.6,36,22,43,0,5,3.7,9.4,137
28.4,37,22,61,0,5,4.6,9.4,135
28.5,38,15,19,0,5.1,3.9,7.6,117
28.2,36,16,30,0,5.1,4.1,7.6,161
27.8,35.3,14,34,0,5,5,11.1,164
26.7,35,13,34,0,4.8,5.2,13,151
26.6,35,14,22,0,5.1,4.3,11.1,168
26.7,37.3,16,27,0,5,3.7,11.1,162
29.5,39,16,28,0,5.6,3.5,7.6,145
28.2,38,14,25,0,5.3,2,7.6,161
26.7,35,15,33,0,5,4.1,11.1,170
25.6,31.6,17,51,0,4.7,5,11.1,119
24.9,32,16,51,0,4.7,4.6,11.1,120
24.7,30,18,52,0,4.8,7.4,11.1,145
25.9,34,15,41,0,5,3,7.6,182
25.5,31.2,16,43,0,4.8,3.9,9.4,161
25.4,32.7,17,50,0,4.8,3.7,9.4,150
25.7,33.4,14,46,0,4.7,4.6,9.4,120
25.1,33,13,43,0,4.7,3.5,9.4,167
24.3,31,18,56,0,4.3,3.9,7.6,169
23.1,30.2,20,54,0,4.2,4.4,7.6,163
24.3,30.8,15,50,0,4.2,6.1,14.8,164
23.1,30.2,13,38,0,4.7,3.5,11.1,164
21.1,28.9,13,58,0,4.2,5.7,14.8,164
20.9,27.7,14,60,0,3.1,4.3,9.4,144
21.4,28,15,55,0,4.2,4.4,7.6,160
21,28.5,12,56,0,3.9,3.3,9.4,170
23.8,30.2,17.9,55,0,4.5,3.7,7.6,170
24,31.2,14,62,0,4.2,4.6,7.6,159
24.3,31,14,48,0,4.3,2.2,7.6,156
22.8,31.3,14,48,0,4,3.3,9.4,172
23.9,31,14.9,50,0,4.5,1.9,7.6,191
24.7,34,14,50,0,3.9,3.9,14.8,152
25.5,34,14.2,50,0,4.5,2,5.4,151
25.2,34,12.4,51,0,4.7,4.6,11.1,151
26.4,36,12.3,46,0,5,1.7,5.4,153
25.4,34,13.4,45,0,5.1,3.3,7.6,155
23.2,31,12.9,41,0,4,3,9.4,155
33.1,39.6,30,75,0,3.7,9.8,16.5,119
33.7,39.6,30,69,0,4.3,14.1,18.3,120
33.2,40,30,74,0,4.3,11.7,16.5,138
29.6,37.4,26.5,78,4.06,3.9,5,20.6,109
31.6,38,27,63,0,4.5,4.1,11.1,109
32.3,38.2,28,64,0,4.5,8,18.3,128
36.1,42.8,30,49,0,4.5,12.6,22.2,170
36.7,43.2,30,44,0,4.3,12.4,24.1,176
36.5,43.2,30.5,47,0,3.9,8.1,20.6,204
36.2,44,28,38,0,4,8.1,22.2,217
35.1,42.7,29,48,0,3.2,7.8,22.2,201
35.6,43,29.9,51,0,3.9,5.2,11.1,176
34.7,42.6,27,40,0,4,3.7,16.5,188
34.1,42.1,28,49,0,4.3,5.6,18.3,170
35.1,41.9,28,50,0,4.2,7.8,18.3,175
34.7,41,29,63,0,4.2,5,9.4,170
32.2,38.6,26.6,61,0,4,3.5,11.1,155
31.5,37.8,24.6,61,0,4.3,3.3,13,150
29.9,35.7,22,68,0,4,3.9,9.4,137
32.9,41,25.4,53,3.05,4,10.7,29.4,161
35.2,42.5,27.8,50,0,4.2,4.8,13,186
33.8,43,28,67,0,4.3,7.2,16.5,158
34.8,43,28,62,0,4.3,7.8,13,168
34.2,42,27.9,64,0.51,4.3,5.4,13,147
32.2,37.7,27,62,0,4.5,10,16.5,154
31.2,37.5,27,63,0,4.3,9.3,18.3,155
31.8,37.8,25,64,0,4.3,5.6,13,152
31.1,37.7,25.9,64,0,4.3,11.3,20.6,167
31.2,37.7,26.7,66,0,4.3,11.9,20.6,166
30.5,45.1,25,63,0,4.2,13.3,20.6,175
32.9,43,24,33,0,4.2,6.9,22.2,198
32.6,42.2,25.8,34,0,3.7,6.5,18.3,240
33.2,42.2,24,31,0,4.2,10,22.2,179
31.4,42.1,25,52,0,4.3,9.3,18.3,176
33.8,42.1,25.8,35,0,4,11.9,25.9,205
32.8,43.1,24.2,42,0,4,3.1,13,206
31.9,40.9,23.7,38,0,4,8,24.1,173
31.7,40.2,26,58,0,3.9,3.7,11.1,169
31.4,41.3,21,38,0,4,2.8,9.4,183
31.1,41.3,20.7,32,0,4.2,4.1,14.8,168
30.1,41,19.7,34,0,3.9,3.5,16.5,171
30.1,39.2,19.4,36,0,4.3,2.8,11.1,178
28.8,39.6,19.6,43,0,4.3,1.7,9.4,170
30.9,39.4,21,47,0,3.7,4.4,13,177
30.8,39,23.1,58,0,3.5,2.8,9.4,178
28.2,37.6,21,41,0,4.2,9.4,29.4,159
27.7,37.5,20,39,0,3.9,11.9,27.8,158
28.3,37,21,43,0,4,7.6,22.2,157
29.3,39,22.1,52,0,3.7,5,13,167
28.8,37,21,68,0,3.7,1.9,11.1,166
28.9,36.5,22,71,0,3.4,3,11.1,164
26.5,34.5,19.5,74,0,3.5,3.1,13,185
25.6,34,17.5,65,0,3.9,2.8,13,170
23.9,31.6,16,70,0,4,5.4,18.3,165
23.4,32,15.1,60,0,3.9,7.8,18.3,150
22,30.7,13.4,68,0,3.4,6.7,20.6,153
22.7,30.2,14.7,65,0,3.7,3.9,13,162
21.4,30,13,66,0,4,2.8,9.4,145
20.3,28.8,11.7,68,0,3.7,4.4,9.4,132
19.7,28,12.4,66,0,3.7,4.3,9.4,131
21,28.4,15.8,66,0,4,8.3,14.8,105
21.1,29,15.5,74,0,3.4,9.6,18.3,143
21.2,29,15.2,69,0,3.1,3,13,152
17.8,26.2,11.1,69,0,3.9,6.1,20.6,154
18,28.6,12,71,0,4,11.1,25.9,146
20.1,28,12,59,0,3.9,8.5,18.3,145
17.6,25.4,10.1,77,0,2.7,3.7,9.4,185
16.7,25.2,8.7,75,0,2.7,1.9,7.6,186
16.1,24.3,8,68,0,3.2,2.6,9.4,167
15.6,24.8,10.9,92,0,1.6,10.4,22.2,157
16.5,24,10,86,0,1.8,5.6,11.1,157
14.6,22.6,5.6,82,0,1.9,2,7.6,194
15.8,22.6,10.6,90,12.95,1.1,14.4,29.4,178
13.8,23.2,10.4,83,0,0.8,7.4,14.8,172
14.2,22.2,8,85,0,1,5,14.8,175
13.1,24.5,9,91,0,0.6,2.6,5.4,182
10.9,16.2,5.7,90,0,0.6,5.9,16.5,165
10.2,19.6,7,90,0,1.3,5.7,13,164
13,19,8.9,84,0,1.9,6.9,14.8,146
13.8,21,9.5,87,0,0.8,2.4,5.4,216
11.8,17.4,5.5,90,0,0.8,2.2,7.6,206
9.4,14.4,6,92,0,1.3,4.1,9.4,183
10,20,7,92,0,1.3,4.8,11.1,170
12.6,20.4,7.8,85,0,1.6,4.6,9.4,137
12.8,21,7.5,84,0,1.6,3.3,11.1,122
16.3,19.9,13.5,92,4.06,1.6,3.9,11.1,83
16.6,19.8,14.9,94,2.03,2.1,7.2,22.2,84
16.2,18.8,13.3,94,12.95,1.1,4.1,7.6,126
13.6,22.2,7.2,84,0,1.1,3.3,9.4,179
13.3,21.6,7.4,83,0,1.6,3,9.4,165
13.8,21.4,8,87,0,1.6,3.9,70.6,164
13.8,20.4,12,90,0,1.1,5.7,9.4,125
16.6,22.6,11.4,87,0,0.6,0.6,5.4,236
16.1,25,10.6,86,0,1,1.9,5.4,209
16.2,24.5,9.3,81,0,1,1.5,5.4,253
13.2,22.2,5.3,77,0,1.6,3.1,7.6,229
11.8,19.8,5.5,83,0,1.4,2.8,7.6,217
12,19.8,5.5,80,0,1.9,6.7,14.8,184
16.8,24.8,11.4,76,0,1.9,3.5,11.1,200
15.7,24.5,8.7,81,0,1.6,2,5.4,200
15.4,24.7,8.9,76,0,1.8,1.1,5.4,205
17.7,27.2,10.4,73,0,2.3,1.5,7.6,186
17.3,27.2,11,74,0,2.9,2.8,9.4,181
18.7,27,12,72,0,2.6,5.7,14.8,146
19,25.6,13,82,0,2.1,1.7,7.6,185
20.9,26.4,16,78,0,1.9,5,11.1,173
19.9,27.5,13.8,77,0,1.9,2.6,9.4,189
19,27.4,12.6,80,0,1.4,1.3,7.6,262
18.6,27,11.4,79,0,1.6,0.7,3.5,236
18.4,28,11.5,74,0,2.1,1.3,7.6,210
20.4,29,16,78,0,2.1,5.7,14.8,190
20.1,26,16,84,0,1.9,4.3,9.4,187
20.5,25.8,17,82,0,1.8,3.1,9.4,193
20.3,28.4,14,74,0,2.1,0.9,7.6,200
20.5,28.5,14.5,73,0,2.1,1.1,3.5,207
20.7,29.6,14.5,74,0,2.3,1.5,7.6,203
21.1,29,14.7,77,0,1.8,1.3,5.4,225
21.1,28.8,14.3,79,0,1.9,4.4,11.1,203
19.7,28.3,14.8,82,0,1.3,1.3,5.4,193
21.9,30.1,16,77,0,2.7,1.5,5.4,183
22.3,29.7,16,72,0,2.7,1.3,7.6,181
22.2,29.6,15.4,74,0,2.6,1.3,5.4,200
22.2,30.4,16,76,0,2.7,3.7,11.1,182
22.4,30.7,17,75,0,3.4,4.6,11.1,146
24.4,30,19,74,0,3.2,5.2,11.1,122
25.4,32.8,20,81,0,3.9,6.7,13,139
25,31.4,20,82,0,2.9,7.4,16.5,161
25.6,30.8,22,87,17.02,3.1,5.6,16.5,133
24.9,32.2,23,94,8.89,3.4,9.6,22.2,71
28,35,21.2,73,0,3.7,2.4,9.4,173
27.5,35.2,22,73,0,3.7,4.4,9.4,165
29.3,35,24,75,0,4,6.3,13,147
28.7,34,24,80,0,3.9,4.3,14.8,166
28.4,34.5,24,84,0,3.5,6.1,14.8,161
28.9,34,24,84,0,4,3.3,13,120
27.8,34,23,88,3.05,2.9,6.9,20.6,83
26.4,34,23,88,7.87,2.9,3.9,18.3,86
26.8,34.7,24.8,85,34.04,3.4,4.1,22.2,93
29.7,35,25,86,0,3.9,8.1,14.8,91
29.3,34,25.1,89,0,3.7,6.3,11.1,85
26.3,29,23.8,92,17.02,2.7,6.3,11.1,87
29.6,35.7,26.6,85,0,3.9,6.9,14.8,124
31.2,36,27,84,0,4.3,3.9,9.4,100
30.3,35,27,84,0,4,2.8,9.4,68
26.3,34.5,24,90,4.06,3.1,25,31.7,66
29.8,36.2,27,85,0,4.3,21.5,27.8,66
30.8,36,27.7,84,0,4,9.3,14.8,76
28.8,34.4,26,89,0.51,3.2,9.4,16.5,87
28.9,34.4,26.9,88,3.05,3.7,12.6,20.6,123
29.4,34.2,27,88,0.51,3.4,14.6,22.2,97
27.8,36.5,24,91,3.05,2.7,5.2,14.8,94
31.5,36,27,82,0,4.2,3,9.4,63
30.3,35,26.9,87,0,4.2,7.2,14.8,45
29.3,33.4,24.6,89,0,4,10,16.5,78
29.2,33.1,25.7,87,0,3.7,4.4,9.4,79
29.8,34.4,28,87,0,3.7,7,13,67
30.1,35,25.6,87,3.05,3.5,8.7,18.3,107
28.2,32.8,25,92,0,3.1,8.5,14.8,95
27.7,33.6,25,92,20.07,2.4,9.4,22.2,117
28.9,36.3,26,91,13.97,3.1,7.4,16.5,128
30.3,36.2,27,84,0,3.7,5.2,22.2,102
30.8,34.4,28,84,0,4.2,6.7,16.5,102
30.2,34,26.1,88,0.25,4,4.6,13,104
27.9,34.7,26,94,3.05,2.4,2.6,11.1,97
29.7,34.6,27,90,0,3.7,4.8,16.5,90
30.3,34.2,27,88,0.76,4,3.9,11.1,70
29,32.4,25,87,0,4.2,8.5,14.8,47
28.6,31.8,26,88,3.05,3.5,12.2,20.6,49
27.7,33.7,25.5,88,35.05,2.6,15.9,29.4,70
28.3,34,26,89,0,3.4,7.6,27.8,53
27.8,35.7,25,89,4.06,2.6,2.6,11.1,115
30.9,36.4,28,87,0.51,3.2,4.8,11.1,102
28.2,33.3,26,92,7.11,2.6,0.9,9.4,66
27.9,33,26,93,16,2.7,3.7,16.5,69
27.9,33,26,93,2.03,2.9,3.9,37,104
32.1,38.4,28.9,81,0,4.2,11.7,18.3,71
32.2,37.6,28,79,0,4,11.7,18.3,74
32.3,37.2,27.5,80,10.92,4,10,18.3,99
30,36,26.3,85,0,4,9.1,22.2,140
29.9,39,26,85,0,3.9,9.3,22.2,142
33.3,39.1,28,77,0,4,3.7,11.1,147
30.9,38.5,27,81,0,3.5,3,7.6,155
32.3,40,27,75,0,4,7.6,20.6,164
33.7,39.4,29,73,0,3.5,7.4,18.3,160
30.6,36.4,26.6,87,0,3.1,4.6,14.8,95
29.6,36,26,84,7.87,3.4,3.1,16.5,96
29.1,33.2,25.9,87,1.02,3.2,6.3,51.9,100
30.2,35,25.8,85,0,3.4,2.4,9.4,48
27.9,31.8,25.1,89,0.25,2.6,5.9,11.1,57
26.4,28.2,24.8,89,39.88,2.9,6.5,18.3,56
28.6,33,25.3,86,8.89,3.9,7.6,14.8,40
25.8,29.9,24.7,88,21.08,3.1,7,16.5,72
26.4,29,25,86,7.11,3.5,10.4,22.2,147
30.8,39.2,28,75,3.05,4.3,11.7,20.6,158
33.4,40.6,27.8,64,0,3.5,7.8,33.5,118
34.7,40,28.2,54,0,4,7.4,29.4,117
29.9,38,26,73,2.03,3.1,4.6,14.8,90
31.2,37.4,25,66,0,4.2,3.1,7.6,137
29.1,38,25,76,0,4,8.7,33.5,85
32.4,38,26,73,0,3.7,5,9.4,27
31.6,38,23.8,56,0,4.2,8.7,18.3,123
27.8,32.4,23,83,8.89,3.7,5.6,20.6,96
25.9,31,23,85,9.91,2.6,9.8,22.2,118
24.7,30.6,22.6,87,12.95,2.3,11.7,18.3,164
31.2,38,24.6,60,0,4.2,2.8,11.1,62
29.4,35,21.6,65,0,4,3.5,11.1,152
24.7,37.3,20.6,83,0.76,3.5,6.1,20.6,140
31.6,38.2,24,53,0,4.2,9.1,27.8,105
31.1,36,24.6,58,0,4.3,7.8,14.8,138
28.1,36.5,24,63,0,4,9.8,27.8,137
27.7,35.5,24,67,1.02,3.7,5,11.1,163
30.4,39.6,26.4,55,0,4.3,4.1,14.8,171
32.6,39,24.9,48,0,4.2,7,16.5,187
31.5,40.4,20.8,30,0,4.3,2.8,13,141
29.7,39.6,20.7,33,0,4.5,5.6,14.8,147
28,38,19,41,0,4.5,5.9,16.5,152
28,40.6,17,48,0,3.2,13.7,37,169
32.2,40.2,21.8,27,0,4.3,3.7,22.2,159
30.5,39.2,21.5,32,0,4.3,9.6,29.4,169
31.5,41.4,23,30,0,4.3,4.8,14.8,161
32.4,41,22.9,25,0,4.5,8.5,20.6,161
31.4,40.6,22,27,0,4.3,6.3,22.2,157
29.6,39,22,26,0,4.3,3.5,9.4,186
31.3,39.4,22.9,34,0,4,7.8,16.5,166
30.8,40.4,24,51,0,4.3,4.6,14.8,164
27.8,37,17.7,22,0,4.3,3.5,13,149
28.3,36.6,16.6,23,0,4.3,7.6,16.5,169
26.9,37.8,16.2,23,0,4.3,13,31.7,161
28.7,40.4,19,28,0,4.3,15.7,35.2,94
26.1,34.4,16.6,47,0,4.3,3.1,14.8,163
24.4,33.5,16.6,52,0,4.2,8.7,22.2,146
25.6,34.5,19,44,0,4.2,12.6,24.1,149
26.8,35.4,17.9,52,0,3.7,3.5,13,213
26.6,34.6,19,53,0,3.7,6.3,14.8,232
26.3,35.1,21,61,0,3.4,4.8,18.3,210
24.9,33,16,59,0,3.9,5.9,20.6,151
24.1,31.8,17.6,58,0,3.9,7,22.2,187
23.3,32.8,18,69,0,3.1,2.8,13,200
25.7,33.6,19,67,0,2.9,2.6,11.1,155
25.4,33.6,18.6,64,0,3.2,9.4,22.2,165
24.9,33,15,54,0,3.7,5.4,14.8,171
21.6,30,13.7,57,0,3.9,6.1,18.3,167
20.8,31.9,14,59,0,3.7,10.9,29.4,167
23.4,34,15,48,0,3.4,10,20.6,172
23.3,32,14.5,59,0,3.1,5.2,18.3,192
21.7,30.4,14.2,67,0,2.4,4.4,18.3,184
20.4,28.4,14,70,0,2.3,3.9,16.5,205
19.6,29,11.7,70,0,2.6,1.1,3.5,209
19.1,29.1,12.6,75,0,2.3,0.6,7.6,256
19.2,28.2,10.6,67,0,2.3,2.2,14.8,215
17.3,25,10.5,78,0,1.4,2.6,16.5,175
16.7,24.4,8.6,76,0,2.3,3.1,11.1,159
15.6,24,9.6,72,0,2.6,4.1,14.8,176
18.8,27.2,9.2,69,0,2.1,2,9.4,240
16.5,25.8,7.3,71,0,1.6,2.4,11.1,284
14.3,24,7.6,74,0,1.1,2,11.1,229
13,21.6,5.4,75,0,1,1.9,11.1,196
10.4,17.7,6,87,0,0.8,2.2,14.8,228
11.2,17.4,7,84,0,1.4,2.2,7.6,213
11.7,20.5,9,87,0,0.6,3.1,9.4,210
13.7,22.7,7,74,0,1.3,8,22.2,319
15.2,23.6,11,81,0,1.4,7.6,16.5,300
16.3,23,10.6,83,0,1,1.7,9.4,241
12.4,21,6.4,85,0,0.6,1.1,7.6,235
11.6,19.4,5.4,82,0,0.6,1.7,9.4,203
10,18.6,5,86,0,0.8,3.1,9.4,179
17.9,23,12.4,82,0,1.8,5.4,13,169
15.3,25.9,11.5,88,0,1,3.9,11.1,238
18.9,28.9,14,83,0,2.1,6.1,14.8,290
18.7,24.6,11.6,75,0,1.3,1.1,5.4,298
15.5,23.4,6.8,72,0,1.6,0.9,5.4,230
10.8,20,0.5,66,0,1,0.7,5.4,201
9.8,22.4,4,76,0,1.3,4.1,11.1,232
14.2,23.2,5.9,74,0,1.4,2,9.4,237
13,23.3,7,72,0,1.4,3.3,13,377
14.8,23.5,7.5,65,0,1.8,5.7,22.2,334
11.7,21,4,78,0,0.8,0.9,5.4,282
10.7,20.2,4,84,0,0.6,2,13,204
11.3,19.5,4.3,72,0,1.1,5,14.8,172
16.5,22.6,10.9,71,0,1.9,4.1,9.4,181
15.5,25.2,10.9,81,0,1.6,4.8,9.4,223
18.4,24.6,12,79,0,1.8,8.5,18.3,216
18.6,27.2,11.6,84,0,0.8,1.9,11.1,330
18.6,27,12.4,81,0,1.1,1.1,11.1,273
18.9,28,13,82,0,1.1,1.3,9.4,342
17.8,25.2,11.6,83,0,0.8,1.3,3.5,263
17.2,25.6,11.2,83,0,1,2,9.4,218
17.1,26.6,10.3,78,0,1.3,0.9,5.4,219
19.2,27.4,12.2,72,0,2.1,2.8,9.4,282
18.4,26.8,12.6,76,0,1.6,2.4,9.4,270
18.8,26.2,10.3,69,0,1.4,1.3,7.6,274
17.1,26.4,11,62,0,2.6,7.8,20.6,187
18.9,25.5,13,68,0,2.7,5.9,14.8,167
20.9,27.2,16.4,75,0,2.9,2.2,7.6,157
21.8,29.5,15.7,67,0,2.1,1.7,11.1,204
22.7,30.8,16,64,0,2.1,2,11.1,210
20.3,30,12.6,66,0,2.1,0.6,5.4,364
20.1,30.1,12.7,70,0,1.8,0.7,5.4,316
20.6,29.8,13,54,0,2.3,3.5,14.8,260
21.2,30.9,14,56,0,2.3,3.9,14.8,194
23.1,32.6,17,58,0,2.3,3,11.1,187
24.4,33,16.5,52,0,3.1,2.6,9.4,206
23.9,32.7,16.7,59,0,3.2,2.2,9.4,260
24.2,34,16.1,61,0,3.1,2.6,11.1,215
24.8,33.8,17,58,0,3.2,1.7,9.4,163
25.7,34,19,64,0,3.1,2.6,13,203
25.9,34.5,19.1,64,0,3.2,3.9,9.4,215
27.1,34.5,21,63,0,3.1,3.3,11.1,195
29.8,35.8,25,78,0,3.4,2,7.6,156
29.3,36.2,24.9,79,0,3.2,3.5,9.4,172
28.9,37.4,23.7,76,0,3.2,3.7,14.8,176
27.7,35.7,22,70,0,3.2,2.4,13,194
28.2,36.3,22.3,72,0,3.1,2.8,11.1,190
28.8,37.2,22.3,71,0,3.7,2,5.4,177
29.3,35.6,24.7,75,0,3.7,2.2,9.4,180
29,35.4,23.4,74,0,3.5,1.9,7.6,196
28.4,34.8,22.7,73,0,3.2,3.9,11.1,191
29.3,35.5,25.7,79,0,3.1,3.5,11.1,99
29.6,35,24.6,77,0,3.7,3,9.4,35
27.8,32,23.2,84,7.87,4.2,4.6,9.4,58
31,37.5,27,76,0,4.3,7.4,14.8,163
31.2,37.2,27,75,0,3.9,4.1,13,174
30.2,37,28,82,0,2.7,6.1,13,167
31.1,37,28,79,0,2.9,3.1,18.3,120
30.7,37,28,83,0,2.4,2.6,11.1,107
31.3,36.3,27.6,80,0,4,2.2,7.6,170
30.7,36.8,28,79,0,4.3,2.4,18.3,144
31.4,37.2,27.6,78,0,4.2,3.1,11.1,139
31.3,36.8,28,81,0,4.2,4.6,13,162
29.6,34.8,26.1,85,22.1,3.9,8.1,14.8,134
28.4,34.8,26,88,0,2.7,6.3,14.8,135
29.9,35.4,26.6,81,0,4.3,5.9,16.5,97
29.9,34.4,26.1,81,0,4.3,6.9,51.9,125
28.9,35.3,26,86,0,4.2,5.9,11.1,99
29.8,34.4,26.7,85,0,4.2,4.3,11.1,70
28.7,35.7,27,85,0,3.4,17.4,25.9,68
30.6,35,27.2,80,0.51,4.3,12.2,22.2,91
28.2,37,25.7,86,0,3.4,8,22.2,67
30.4,35,26,83,27.94,3.4,7.2,13,53
27.7,31,25.8,93,56.9,2.3,4.3,14.8,86
27.3,32,25,92,21.08,2.7,3.5,14.8,122
30.4,34.6,28.7,86,0,3.7,6.5,14.8,83
31.2,35.4,28,81,0,3.4,1.7,9.4,50
30.8,34.4,26.8,80,0,4.2,6.1,14.8,73
29.4,34.6,26.6,85,5.08,4,4.8,14.8,90
29.9,34.2,27,85,0.51,3.5,3.7,14.8,102
29.2,32.9,26.8,89,0,2.9,2.2,14.8,94
28.9,33,26.4,88,22.1,3.1,2.4,16.5,62
30.8,37,28,78,0.25,3.9,6.5,16.5,123
31.6,35.8,27.6,77,0,4.3,2.4,11.1,100
30.3,35,27,80,0,3.9,5.2,11.1,105
28.2,33,24.7,88,36.07,3.4,3,18.3,96
27.8,33.4,25,89,3.05,3.2,4.8,16.5,136
28.8,36.2,27,86,0.25,3.7,2,14.8,133
30.4,34,27.2,83,0,3.9,9.8,14.8,125
28.7,36.5,22.7,87,34.04,3.5,4.6,13,97
30.8,35.2,27.2,84,1.02,3.9,6.1,13,60
29.7,34,27,85,0.51,3.4,3.7,18.3,370
27.9,32.8,24.1,88,35.05,3.1,6.9,18.3,112
30.8,37.4,29,84,2.03,3.2,8.9,14.8,151
32.7,36.8,27.4,73,0,4,4.3,11.1,110
30.6,35.6,27,80,0,3.2,3.5,7.6,91
29.3,33.6,25.6,79,0.25,3.4,9.6,18.3,152
29,33.4,24.6,84,33.02,2.4,4.8,11.1,131
27.2,33.6,25.6,90,8.89,2.4,3,13,103
28.3,36.3,25.8,84,0.51,3.4,7,11.1,114
30.8,36.2,26.8,75,0,4.3,9.3,16.5,109
33.2,39.5,29,66,0,4.2,10.2,14.8,169
34.3,40,27.4,55,0,4.2,5,11.1,104
32.6,38,25.6,63,0,4,3.5,11.1,82
30.7,36,24.3,66,0,4.2,3.7,9.4,93
31,35,26,63,0,4.2,3.9,9.4,151
29.6,36.4,26,71,0,4.2,3.1,13,99
30.4,36,25,70,0,3.9,3.3,11.1,116
27.4,35.3,22,77,58.93,4,3.5,14.8,129
34.8,43.8,27,42,0,3.9,10.9,29.4,175
35.3,44.1,27.3,32,0,4.5,4.4,14.8,178
35.4,43.8,27,30,0,4.7,9.1,27.8,162
32.1,40,24.8,35,0,4.5,7,18.3,167
31.7,40.6,25,53,0,4.5,4.6,18.3,165
31.9,40.8,23.1,40,0,4.3,6.9,18.3,160
32.3,38.4,26,51,0,4.2,3.7,16.5,162
31.2,38.2,24.4,62,0,4.3,1.1,7.6,182
29.6,37,25,64,0,4.2,0.4,3.5,201
30.3,37,24.5,59,0,4.3,8.9,16.5,104
29.8,37,22.4,60,0,4.2,4.6,14.8,81
26.8,34.6,20.3,66,0,4,5.6,25.9,89
28.4,34,22.2,65,0,4,11.1,18.3,136
25.8,35.7,22,70,0,4,10,22.2,114
26.5,34,19.8,70,10.92,4,7.2,14.8,159
25.3,34.3,21,76,0,3.1,12.8,37,154
28.3,36.1,24,63,0,3.2,9.1,18.3,164
27.9,36.1,21.3,49,2.03,4.3,5.4,11.1,125
30.1,38.7,24.3,51,0,4.3,4.3,13,115
31.1,38.8,23,48,0,4.5,4.1,13,138
30.3,38.2,20.8,39,0,4.7,4.3,14.8,150
27.8,37.3,19.4,33,0,5,6.7,16.5,135
29.3,38.2,21,35,0,4.3,3.7,11.1,148
29.3,37.2,21,31,0,4.5,10.4,20.6,152
24.9,34.3,17,38,0,4.5,8.9,18.3,152
26.9,36.6,18,40,0,4.3,10.6,18.3,137
28.4,35.4,19,43,0,4,6.1,16.5,125
25.8,34,16,42,0,4.2,8,22.2,115
21.3,34.2,19,81,6.1,2.6,10.6,35.2,166
26.8,34,21,50,0,4,11.7,22.2,180
26.9,33.5,20.6,53,0,3.5,10.7,18.3,165
23.4,32.6,18,67,0,3.9,4.6,13,280
24.7,32.4,17,63,0,3.5,2.4,7.6,173
22.8,30.6,15.7,64,0,3.5,4.3,13,169
20.9,26.4,17,78,0,2.9,5.2,11.1,118
19.3,24.2,15.2,85,11.94,2.6,4.6,11.1,161
19.1,30.4,16,85,6.1,2.9,11.7,27.8,154
19.2,26.6,13,63,0,3.4,8.5,22.2,90
19,25.8,13,74,0,3.9,9.8,20.6,129
19.4,26.7,14,79,22.1,3.7,7.8,20.6,166
23.1,30,16,65,0,3.2,3,11.1,187
22.3,29.2,16,68,0,3.2,3.7,9.4,174
21.8,27.4,17,73,0.51,3.2,3.3,9.4,168
19.5,25.4,13,75,0,3.1,3.1,7.6,125
18.8,24.2,13,73,0,3.5,3.9,9.4,190
17.6,28.2,13,81,0,3.4,4.8,13,234
18.6,28.2,15,81,7.11,2.3,15.7,27.8,200
19.8,28.4,10,58,0,2.7,3,9.4,239
17,27,9.7,57,0,3.7,7.2,25.9,203
18.6,26.7,12,61,0,3.2,14.6,27.8,214
18.2,25.6,11,68,0,2.9,11.3,24.1,219
15.8,24,8.6,70,0,2.6,3,9.4,221
14.3,23.6,8,67,0,3.1,5.6,18.3,200
15.7,23.5,9,65,0,2.4,4.6,16.5,196
13.6,21.8,7,73,0,2.6,3.5,14.8,209
13.7,22.4,8,70,0,2.9,7.6,18.3,191
14.3,21.9,7,71,0,3.1,6.5,18.3,143
13.8,23.1,8,68,0,3.2,5.7,18.3,188
15.7,23,7.5,73,0,1.9,1.5,9.4,234
12.8,22.3,7.8,83,0,1,3.1,13,193
14.1,21.3,7.5,79,0,1.8,3,9.4,189
11.2,18.2,6,91,0,0.6,1.5,5.4,171
11.8,18.2,7,89,0,1.1,4.3,11.1,186
13.2,17,9,91,0,1.8,6.9,14.8,138
15.2,21.5,11.7,92,3.05,1,3,9.4,271
15.3,21,9.3,82,0,1.3,3.1,7.6,322
10.9,20,6.2,94,0,0.3,5.9,11.1,252
13.2,17,8,88,5.08,1.3,8,20.6,182
13.7,22.4,12,94,3.05,1.3,8,18.3,179
14.3,23.5,11,90,2.03,1.4,5.6,14.8,348
13,20.2,4,86,0,1.3,3.3,13,185
8.3,16.4,0.7,84,0,0.6,2,5.4,263
8.7,17,3,84,0,1,3.7,7.6,227
8.8,17.4,6.7,87,0,1.1,5.9,11.1,214
10.5,16.4,5.1,92,0,0.6,3.3,11.1,272
13.5,19.8,7.1,87,0,0.8,3,9.4,161
12.3,18,7.6,82,0,1.1,3.5,9.4,168
11.5,15,8,81,0,1.6,5.4,13,138
16.8,22.9,12,87,0,2.6,5.6,9.4,239
17.1,21,11.6,85,7.87,2.6,4.1,11.1,253
16.7,22.4,15.6,94,16,1.8,11.7,18.3,231
16.9,25.8,11,74,0,1.6,3.9,9.4,238
18.3,25.7,12,73,0,1.8,3.7,9.4,241
18.1,26.8,13.4,79,0,1.4,1.5,7.6,224
17.3,24.4,11,68,0,1.9,6.3,13,174
16.8,25.5,12,79,0,1.9,7.2,14.8,158
18.7,26.8,13.1,85,0,1.6,5.2,14.8,310
21.4,28.5,14.5,85,0,1.1,2.4,7.6,196
19.7,28,13.9,80,0,1.1,0.6,3.5,230
20.1,29.1,15,83,0,1.8,0.9,7.6,198
20.3,27.9,13.2,73,0,1.4,0,5.4,182
19.2,27.3,12.6,71,0,1.6,0.2,5.4,192
19.3,28,13,68,0,2.7,3.1,16.5,209
21.1,30.1,14.1,67,0,1.8,1.7,5.4,222
21.4,29.2,14.7,69,0,1.9,1.5,7.6,205
20.6,29.4,13.6,67,0,1.6,2,11.1,191
22.9,30.6,16.8,73,0,1.8,2,11.1,256
23,29.6,18,73,0,1.8,1.9,7.6,285
22.5,29,16,66,0,1.6,1.9,5.4,458
24.1,31.1,20,82,0,1.8,6.9,14.8,247
24.7,31.7,17.8,74,0,1.6,3.1,11.1,195
23.8,31.6,17.4,76,0,1.3,1.7,5.4,213
23,29.4,18,89,0,0.6,2,7.6,218
23.5,29.7,17.3,72,0,2.6,2.6,11.1,200
22.9,29.3,18,78,0,2.6,1.9,7.6,220
22.8,30.8,18.9,86,0,2.4,4.6,13,217
23.9,29.6,18,78,0,2.1,6.1,13,173
25.6,30.3,23,89,0,2.1,1.1,7.6,173
26.1,32.5,21.4,82,0,3.1,1.7,9.4,144
26.9,33.6,22,75,0,3.1,2,9.4,125
27,33.9,20.7,70,0,3.2,1.3,7.6,144
26.4,34.4,20.7,70,0,2.7,1.7,7.6,138
27.4,33.7,22.8,79,0,3.4,2.6,9.4,151
26.7,33.3,21.6,75,0,3.4,3.7,14.8,139
26.7,33.6,22.9,77,0,3.4,4.4,14.8,104
25.7,30.3,23.8,95,4.06,2.9,4.8,9.4,28
25.7,30,21.6,89,0,3.4,2.4,7.6,44
23.8,25.2,23,99,0,1.9,10,16.5,88
24.2,32.3,23.8,99,12.95,1.9,14.1,20.6,84
27.3,32,25,91,0.76,3.1,13.3,16.5,76
26.2,32.6,24,95,0,2.7,4.8,16.5,67
28.1,32,22.8,91,8.89,3.1,4.8,11.1,97
23.8,28.3,23,97,14.99,2.4,5.6,14.8,71
29.6,34.4,26.4,88,5.08,3.2,5.2,7.6,127
28.4,33,25.8,91,4.06,3.2,9.1,20.6,132
27.2,35,24.1,95,36.07,2.4,11.1,18.3,110
30.3,35.1,27.3,86,0,3.4,7,18.3,101
30.6,35.8,27.4,83,9.91,3.5,10.2,20.6,91
29.9,35.2,27.4,88,0,3.1,10.2,27.8,94
31.1,35.7,28,82,0,3.4,4.8,9.4,97
31.1,35,26.4,80,0,3.4,3,11.1,100
29.6,35.6,27,90,0,2.9,9.4,20.6,95
31.4,36.1,28.1,84,0,3.2,7.2,14.8,89
31.2,34.4,27.3,81,0,3.4,9.6,14.8,80
29.9,33.7,24,86,8.89,3.4,6.3,14.8,88
28.5,33,24,88,2.03,3.1,9.8,18.3,86
26.7,34,24.7,97,66.04,2.3,6.1,14.8,76
28,34,26,91,0.51,3.2,6.5,20.6,64
28.8,34.7,27,91,0,2.9,5.4,11.1,62
28.9,33.5,25.7,87,3.05,3.4,13.7,22.2,100
29.8,34.7,27.4,84,0,3.4,17.2,25.9,138
30,35.6,26.6,87,1.02,3.5,7.4,18.3,113
28.9,33.3,27,88,0,2.9,16.7,25.9,77
30.2,34.3,25.2,78,33.02,3.7,18.7,27.8,105
27.7,33.7,25,92,10.92,2.7,6.9,37,93
31.3,35,27.6,82,0,3.1,9.4,14.8,96
29.8,34.9,27.6,87,2.03,2.7,9.3,14.8,64
30.7,34.6,27.8,82,0,3.2,10.4,18.3,66
30.1,33.2,26.4,82,0,3.7,9.4,18.3,56
28.7,33,25.8,91,36.07,2.7,10,14.8,75
27.4,31.2,25.6,94,17.02,2.4,7.4,14.8,124
27.2,30,24.6,94,37.08,2.7,2.4,11.1,117
30.1,37.4,27,83,0,3.1,6.3,18.3,130
32,37.3,27,74,0,3.5,6.1,11.1,100
31.8,37,27.2,76,13.97,3.4,3.5,22.2,84
28.8,36.3,23.4,77,23.11,3.4,8.7,22.2,104
31.3,35.8,28,72,0,3.4,10.7,24.1,72
31.5,34.8,28.6,70,0,3.4,13.5,24.1,67
27,34.6,25,95,26.92,2.6,8.5,14.8,71
28.8,34.3,25.1,90,50.04,2.9,4.4,14.8,110
27.5,34,25,91,37.08,2.9,4.6,20.6,84
32.1,37.3,24.8,65,9.91,3.9,13.9,24.1,154
30.3,39.1,25.4,78,11.94,2.9,10,25.9,170
33.7,38,28,58,0.25,3.4,8.7,14.8,162
35.2,40.2,29,48,0,3.4,7.4,16.5,126
32.3,38.6,28,61,0,3.4,5.9,18.3,79
31.9,39,28.3,67,0,3.1,7,20.6,129
31.2,36,25,57,0,3.5,7,14.8,143
27.1,39.4,24,74,7.11,2.6,5,22.2,167
37.4,44.2,26.9,22,0,3.4,12.2,25.9,135
35.7,42.4,28,34,0,3.4,10.7,20.6,153
32.7,36.7,29.3,52,0,3.4,5.4,11.1,161
35.8,42,28.8,41,0,3.7,7.2,11.1,162
34.7,41,28.3,43,0,3.4,6.7,14.8,164
32.1,41.6,23.7,56,7.87,3.7,9.3,16.5,157
31.8,40.1,26.8,46,0,3.2,15.2,24.1,193
33.4,40.5,27,53,0,3.2,17.4,29.4,191
33.6,40.9,28,51,0,3.4,13.1,22.2,175
33.3,44.8,27.8,47,0,3.4,12.4,22.2,164
35.6,44,26.4,31,0,3.5,7.8,16.5,163
34.6,43.6,23.4,22,0,3.5,7,22.2,156
33.1,42.2,24,32,0,3.1,13.3,25.9,171
35.3,42.5,29,35,0,3.4,11.7,20.6,178
32.9,39.2,25,32,0,3.4,7.6,16.5,147
31.9,40.7,25,33,0,3.2,6.9,16.5,162
32.8,41.2,25,31,0,3.4,7.4,16.5,161
34.9,43.7,25,20,0,3.4,13.5,27.8,109
34.9,43.2,26.2,19,0,3.5,13.3,31.7,138
34.2,42.8,24,18,0,3.5,11.5,27.8,167
31.3,43,26,37,0,3.2,14.4,25.9,217
34.4,42,28.7,29,0,3.4,11.7,20.6,258
34.2,44.6,26.4,41,0,3.2,12.4,18.3,272
33.9,42.3,26,19,0,3.2,15.2,29.4,173
34.4,41.8,26.7,31,0,3.2,7.2,20.6,188
33.4,41.2,27,45,0,3.7,3.9,11.1,193
29.6,37.6,21,38,0,3.9,5.2,11.1,110
28.4,35,20.6,38,0,3.9,5.6,18.3,110
27.4,34,20,45,0,4.3,8.1,18.3,207
32.8,41.5,26,27,0,4.2,8.3,22.2,192
33.2,40.5,24,28,0,4,10.9,25.9,172
32.4,40,23.9,31,0,3.9,8.7,22.2,167
30.6,37,22.7,43,0,3.4,6.5,14.8,174
27.6,34.4,22,54,0.51,3.2,6.1,14.8,181
26.1,37.9,20.8,58,0,3.7,13.1,25.9,188
27.5,36.4,17,35,0,3.9,3.3,13,185
26.7,35.6,17,36,0,3.7,6.7,16.5,202
26.2,37.8,16.6,35,0,3.9,7.2,16.5,196
29.4,38.7,19,37,0,3.4,9.6,18.3,180
24.6,32.2,17.8,44,0,3.4,7.2,16.5,159
24.3,34.9,19,48,0,3.7,8.9,18.3,178
26.8,34.4,20,37,0,3.5,7.6,18.3,173
25.9,33,14.6,44,0,3.2,5.9,22.2,157
22.2,31,14.6,50,0,3.5,7.6,22.2,133
22.8,34,14,45,0,3.1,12.2,20.6,167
23.7,33.6,17,47,0,3.2,6.1,18.3,163
22.2,32.7,17,42,0,3.5,7.4,14.8,147
22.8,30.4,15,45,0,3.1,9.1,14.8,126
20.1,28.2,11,52,0,3.1,9.4,20.6,153
18.6,27,10.8,52,0,2.7,6.7,22.2,148
17.7,24,10,66,0,2.6,6.3,18.3,148
15.2,22.7,9,62,0,2.6,7,18.3,149
15.2,26.8,10,81,3.05,2.4,8.5,27.8,148
19.6,27.5,14.6,52,0,2.6,10.9,18.3,139
19.2,27.2,10.4,54,0,2.6,5,13,162
22,29,14,65,0,2.3,4.4,11.1,152
19.7,28,14,79,0,1.9,5.2,11.1,161
19.8,27,14.6,71,0,2.1,4.4,13,126
18.4,24,14.2,81,1.02,2.1,10.4,18.3,196
17.7,26.3,14,75,0,1.9,8.1,18.3,180
17.6,26,9.9,64,0,1.9,2.6,7.6,151
14.8,24.9,10.2,63,0,2.7,9.6,18.3,279
17.6,24.4,12,67,6.1,2.3,7.2,18.3,225
17.1,22,13.2,91,13.97,1.9,11.7,31.7,191
14.3,25.5,9,79,0,1.3,7.8,14.8,219
17.1,25,10.6,63,0,1.9,7.2,14.8,185
16.3,23,10.7,62,0,1.8,5.4,16.5,151
13.9,21.4,8,74,0,1.8,8.3,18.3,169
14.1,17.3,12,92,0,1.4,4.4,7.6,169
13.8,24.4,11.6,91,29.97,1.6,7.2,18.3,247
19,28,10,61,0,1.8,8.7,16.5,241
16.5,26.4,8.3,67,0,1.6,3.3,14.8,290
14.7,24.6,5.6,64,0,1.3,4.4,14.8,248
12.3,23.6,6,62,0,1.9,7.2,13,281
14.4,23.4,7,57,0,2.3,11.3,27.8,279
15,24.1,7,65,0,1.4,3.9,7.6,184
13.9,23.3,8,67,0,2.1,8.5,18.3,190
14.4,23.2,9,65,0,1.9,8.5,18.3,453
15.3,22,10,68,0,1.9,7.8,16.5,251
14.6,23,6.6,63,0,1.4,3.1,5.4,364
13.6,22.2,5.3,61,0,1.3,3,13,307
13.2,21.2,5.2,65,0,1,4.1,11.1,242
13.3,21.8,4.4,54,0,1.9,7,18.3,233
13.6,22.7,6.6,56,0,1.9,5,13,307
13.5,22.4,4.8,53,0,2.1,8.1,22.2,312
13.2,23.3,4.8,58,0,1.8,4.4,14.8,234
13.9,23,0.8,65,0,1.6,4.1,9.4,243
13.6,24.2,5.9,66,0,1.4,3.3,11.1,177
14.9,23.6,7.9,60,0,2.4,5,13,300
16.5,23,11,64,0,2.3,6.7,14.8,226
17.7,23,12.4,62,0,2.4,6.3,14.8,252
15.7,24.4,8,64,0,1.9,2.6,7.6,305
16.1,24.7,8,66,0,1.6,2.6,9.4,252
16.3,24.8,9,67,0,1.9,4.6,16.5,276
32.2,42,22,32,0,3.1,8.7,24.1,185
31.6,41,20.2,34,0,3.5,6.9,18.3,191
29.7,39,18.8,31,0,3.4,8.1,22.2,213
29.4,38,20,40,0,3.7,7.8,22.2,178
26.6,37,20,65,0,2.9,8.7,44.6,111
29.6,35,21.3,56,0,3.4,7.2,16.5,155
28.3,35.3,20,59,9.91,3.7,13.9,25.9,144
31.2,39,21.1,42,0,3.4,1.7,7.6,157
29.6,37,21.9,48,0,3.2,4.4,14.8,144
27.9,35,19,56,0,3.5,8.7,18.3,193
27.2,37.2,17.2,48,0,3.2,12.4,22.2,166
27.6,38,16.5,41,0,3.2,7,22.2,164
26.8,36,17,45,0,3.7,7,14.8,169
27.1,36,18,41,0,3.7,6.3,22.2,185
27.8,37,16.8,49,0,3.1,2.8,7.6,182
26.4,37,18.5,44,0,3.4,4.6,18.3,160
25.1,35,13,45,0,3.4,3.5,9.4,179
27.3,35.3,18,51,0,3.1,4.6,9.4,184
27.6,37,14.5,48,0,3.2,2.2,7.6,188
25.8,37,15,53,0,3.2,4.1,16.5,172
23.5,33,12.4,57,0,3.1,4.6,14.8,167
21.9,31,14,54,0,3.4,4.6,14.8,164
25.5,34,17,58,0,3.2,5.6,14.8,196
25.1,34,16.5,63,0,2.7,6.1,14.8,193
24.8,33,16.2,65,0,2.6,4.3,14.8,172
21.9,30,12,68,0,3.1,5,14.8,234
21.7,30.9,15,67,0,2.9,8.1,18.3,234
24.7,32,18,75,0,1.8,4.4,5.4,222
20.8,31,10.8,64,0,2.4,1.9,9.4,183
19.2,29,9.8,61,0,2.6,1.7,7.6,175
19.6,28.2,9.5,55,0,2.6,3.7,14.8,164
17.8,25.1,10,59,0,2.7,5.6,14.8,203
16.8,25,11,57,0,2.6,7.2,14.8,208
18.6,25,12,81,1.02,1.8,3.3,7.6,196
16.7,26,9,48,0,2.3,5.2,18.3,200
16.6,26,7.8,46,0,2.3,3.3,9.4,193
14.9,24.8,10,63,0,2.1,4.4,9.4,241
20.1,29,11,62,0,1.8,1.5,5.4,219
17.6,27,10,64,0,1.9,4.8,14.8,289
17.3,27,10,60,0,1.9,6.5,22.2,273
11.6,20.8,5,83,0,0.8,1.9,7.6,202
12.9,21,5,80,0,1.3,3,9.4,367
11.8,21.7,5,93,0,0.8,4.1,9.4,283
13.9,24.6,5.4,72,0,1.4,0.9,3.5,302
15.2,26.3,7,67,0,1.8,3.1,11.1,256
14.6,24,6.4,62,0,1.8,4.4,16.5,245
13.9,24,3.5,65,0,1.4,2.6,9.4,291
10.8,21,4,88,0,0.5,1.5,5.4,296
8.5,20,4,93,0,0.5,2.2,7.6,301
10.9,19.3,5.5,83,0,0.6,2.2,7.6,306
9.7,19,2.6,78,0,1.1,0.6,7.6,314
9.6,15.5,7,92,0,0.8,3,7.6,336
10,15.1,7,92,0,0.8,1.3,5.4,325
12.1,17.7,10,95,0,1,2.4,5.4,245
14.7,24,7.9,78,0,1.3,1.7,7.6,307
13.6,23,8.5,82,0,1.1,0.9,9.4,397
12.6,24,8.3,92,0,0.8,2,7.6,306
17.4,25,9.6,81,0,1.8,1.9,5.4,238
16,24,9,81,0,1.1,1.1,3.5,287
14.6,22.3,7.3,85,0,0.5,0.9,3.5,285
15.6,24,10,72,0,1.8,5.2,9.4,222
16.3,26.4,12,74,0,1.8,5.2,11.1,214
19.4,27,12,67,0,1.9,2.8,7.6,243
17.7,27,10,59,0,1.9,1.3,5.4,186
18.2,27.3,10.5,51,0,2.1,2.6,7.6,276
16.1,25.7,8,62,0,1.8,1.3,5.4,324
16.3,26.3,7.6,57,0,1.9,1.3,5.4,285
17.4,28,10,57,0,1.9,2.4,7.6,241
17.1,27.2,9.6,65,0,1.9,1.3,7.6,257
17.3,27,8.4,62,0,2.1,1.1,5.4,257
16.1,27.6,10,57,0,1.4,4.8,14.8,252
19.2,29,11,58,0,2.3,6.1,11.1,236
22.1,30,16,69,0,2.1,3.3,5.4,279
22.5,31,15.4,57,0,1.8,1.5,5.4,321
20.9,29,12.1,61,0,1.3,1.1,5.4,401
20.1,30,13,70,0,1,0,3.5,410
22,30,14.4,80,0,0.8,0.7,3.5,390
22,30,16,80,0,1.4,0.2,3.5,245
22.9,31,15.3,71,0,1.9,0.6,3.5,243
24.2,31,18.6,72,0,2.1,1.3,3.5,217
24.4,33,17,61,0,2.3,0.4,3.5,220
25.1,33.5,17.1,57,0,2.7,1.1,3.5,198
25.2,35,16.3,54,0,2.9,0.7,5.4,223
28.3,36,20,64,0,2.9,2,11.1,182
30.9,36,25.6,66,0,2.9,3.7,9.4,194
30.5,36,23.2,65,0,2.6,2.2,5.4,207
28.2,37,20,58,0,2.7,1.5,5.4,189
28.2,36,21.9,61,0,2.7,1.9,9.4,200
30.5,37,24.3,73,0,3.2,2,7.6,160
30.8,37,24.5,76,0,3.1,1.5,5.4,152
30.7,37,24.2,76,0,2.9,1.5,7.6,154
30.3,36,23.8,79,0,2.6,1.1,5.4,117
30.2,36,25,73,0,2.9,1.9,7.6,138
31,37,25.5,77,0,3.1,1.1,3.5,163
30.4,36,25,77,0,3.2,1.5,7.6,164
30.3,36,25,77,0,3.2,3,9.4,155
26.9,29,25,95,10.92,2.4,9.8,25.9,58
30.8,35,27,79,0,3.9,7,11.1,104
31.4,35,26.3,72,0,4,2.2,7.6,127
31,35,27,75,0,3.7,2.4,9.4,161
31.2,36.2,25.8,71,0,3.5,1.1,9.4,138
31.6,35.8,26.5,71,0,3.5,1.1,5.4,138
29.2,33,26.1,81,0,3.9,3,7.6,91
31.2,35,26.7,84,0,3.2,5.6,9.4,119
31.3,35,27,79,0,3.9,8,13,114
31.1,35,27.6,84,0,3.7,3.3,5.4,90
29.7,33,25.8,89,0,3.7,2.4,7.6,174
29.3,32,26,91,0,3.1,3.7,11.1,121
29.2,34.7,26.7,97,0,2.4,1.3,5.4,105
30.7,36,26.2,89,2.03,3.2,2.8,7.6,112
30,33,26.5,88,0,3.5,5,11.1,126
28.9,32.5,25,93,3.05,3.1,5.7,22.2,102
30.8,36,26.3,85,0,3.5,1.5,14.8,132
28.9,32.7,26,84,0,3.7,13.3,25.9,88
28.5,33,23,93,3.05,2.7,1.3,7.6,121
30.5,33.5,27.5,86,0,2.9,5.2,14.8,133
31.2,35,25.7,81,0,3.5,6.7,11.1,151
29.8,36,27,90,0,2.9,3.7,22.2,120
35.3,40,29.2,61,0,3.9,9.6,14.8,124
34.8,39,28.5,64,0,3.2,7.8,14.8,124
34.2,40,28.7,66,0,3.2,8.9,25.9,122
35.3,41,29.4,55,0,3.4,5.9,11.1,122
35.4,43.9,28.3,51,0,3.4,5.2,11.1,135
37.8,46,29.5,36,0,3.2,5.7,18.3,159
37.1,44,26.6,35,0,3.7,3.3,11.1,205
36.1,41,27.5,48,0,3.2,4.3,11.1,230
33.9,41,27.5,60,0,2.7,5.2,37,206
31.6,35.3,26,71,0,2.7,3,7.6,156
38,46,28.5,33,0,3.2,8.3,31.7,117
35.4,43,26.3,39,0,3.4,7.2,16.5,136
33.4,38,25,59,0,3.7,7,13,177
35.1,43,26,48,0,3.2,10.2,25.9,174
36.3,44,26.3,32,0,2.9,5.2,46.5,211
35.1,42,24.3,37,0,3.4,4.8,11.1,225
33.8,42,26,36,0,3.1,6.9,22.2,221
36.4,46,28.1,38,0,3.1,3.5,13,198
37,46,27,36,0,3.1,5.2,18.3,207
36.1,44,28,48,0,2.7,4.4,11.1,205
31.6,39,21.3,49,0,2.9,9.4,16.5,153
34.4,43.9,25,48,0,3.1,5.7,11.1,165
32.2,41,23,30,0,3.4,2.6,11.1,173
31.6,40.5,24.7,35,0,2.9,6.3,22.2,332
33.2,41,24,27,0,2.9,5,14.8,244
33.1,41,25.2,24,0,2.9,6.9,25.9,194
33.4,41,26,22,0,2.7,10.2,37,171
32.1,40.3,24.2,58,0,2.6,6.5,11.1,166
32.6,41.8,25,57,0,2.4,7.4,14.8,185
34.7,43,26.5,48,0,2.6,4.8,7.6,168
32.9,43,23.9,38,0,2.4,6.3,14.8,148
32.3,40,22.2,37,0,2.3,2.4,7.6,238
31.1,40,18,29,0,2.4,2.4,5.4,216
28.1,37.7,16.7,20,0,3.1,8.1,22.2,184
30.8,39.7,21,24,0,2.9,4.8,9.4,167
32.4,41,24,39,0,3.1,5.4,14.8,161
31.8,42,21.3,29,0,3.9,4.4,16.5,145
33.2,42,22.2,31,0,3.4,6.5,18.3,128
32.2,43,20.9,31,0,4,5,18.3,163
31.2,42,20.3,37,0,3.4,2.4,14.8,156
28.9,37.3,19.7,48,0,3.7,3.5,14.8,168
28.9,38,17.5,38,0,3.2,4.8,14.8,191
24.2,34,14.3,48,0,3.1,3.5,14.8,182
20.1,29,12,45,0,3.5,3.7,11.1,215
19,27.7,8,46,0,3.4,4.1,14.8,190
17.8,26,9.2,44,0,3.2,5,18.3,249
22.3,31,12,42,0,3.1,4.1,11.1,242
24,32,13.7,41,0,3.1,4.6,11.1,181
24.2,31.3,15.3,43,0,3.2,5.9,14.8,162
23.2,32,12.8,49,0,2.6,2.2,9.4,181
19.6,29.2,9.6,47,0,3.5,4.3,18.3,127
19.4,28.7,11,46,0,3.1,7.4,18.3,151
18.9,28,10,46,0,2.6,7.6,25.9,134
23.5,32.3,15.5,54,0,2.4,4.1,11.1,158
21.8,31,13.7,72,0,1.6,5,14.8,163
17.6,26.3,8.7,65,0,2.6,2,7.6,162
17.6,26.7,9.7,62,0,2.4,3.3,11.1,184
18.8,26,11.5,64,0,2.4,2.2,7.6,159
17.7,26.3,8.3,61,0,2.6,3.7,9.4,176
16.5,26,8.7,63,0,3.4,2.8,7.6,168
16.1,26.8,9,58,0,3.2,7.6,22.2,186
16.4,25,7.3,73,0,1.4,1.7,3.5,214
16,24.3,8.5,71,0,1.4,2.6,11.1,241
15.8,24,9,77,0,1.3,4.3,13,278
15.7,23,8.1,85,0,1.1,4.1,13,181
20.1,28,10,68,0,1.8,8.7,20.6,170
17.9,28,7.7,65,0,1.8,3.1,13,92
13.2,23,3.7,62,0,1.4,3.5,11.1,264
11.8,21,1.6,68,0,1.3,4.1,11.1,241
9.7,18.9,0.1,61,0,2.1,4.3,11.1,244
16.6,23,9.4,73,0,1.8,5.6,9.4,162
15.5,21,10.2,87,0,1,8.3,16.5,279
13.4,18.4,10.2,97,0,0.5,1.1,7.6,283
14.8,18,11,96,0,0.8,0.4,3.5,212
14.5,19.4,9.4,96,0,1,3.9,9.4,308
14.2,23,6.3,74,0,1.1,2.8,7.6,317
14.3,25.2,8,91,0,0.6,2.2,11.1,272
17.9,26,7.1,82,0,0.6,1.3,7.6,247
15.9,25,7.8,67,0,1.6,3.9,11.1,256
15.7,25.1,6.8,63,0,2.1,2.4,9.4,358
16.4,27,9,66,0,1.8,0.6,5.4,257
16.1,24,10.3,78,0,1.3,1.3,7.6,275
14.6,19,11,91,0,0.8,0.7,11.1,288
17.1,23.5,14,95,0,0.5,0.7,7.6,239
18,25.9,13,94,0,0.5,0.4,3.5,318
18.9,27,11.8,92,0,0.5,0,3.5,336
18.7,28,11.5,58,0,1.9,1.9,11.1,236
18.8,28,11,73,0,1.3,2.8,11.1,253
19.2,28.9,11.5,63,0,2.3,1.1,7.6,255
20.9,30,9.4,53,0,2.4,2.8,18.3,256
18.6,29.1,10.2,69,0,1.8,0.6,11.1,331
19.1,28,9.6,67,0,1.6,0.6,3.5,350
21.7,30,12.6,60,0,1,1.5,3.5,398
23.5,32,14.4,58,0,3.1,1.1,5.4,245
23.7,31,14.2,56,0,2.6,1.1,7.6,283
23.5,32,13.8,59,0,2.3,0.4,3.5,345
25.6,34,16.7,52,0,2.7,1.1,5.4,201
25.6,34,16.2,56,0,2.7,2.2,13,210
26.7,34,17.3,55,0,3.2,3.5,11.1,202
25.6,33.1,16.7,64,0,2.1,1.7,7.6,194
25.8,34,16.8,67,0,2.3,1.3,7.6,203
26.1,34,16.8,61,0,3.1,0.6,3.5,186
26.1,35,16.7,58,0,3.1,1.5,9.4,180
27.4,35,19.3,54,0,3.2,3,14.8,127
28.3,33,25,86,0,3.4,1.1,5.4,167
30.2,34,24.1,81,0,3.4,0.9,5.4,105
31.9,38,25,73,0,4,0.7,5.4,137
27.7,32.5,23.5,89,0,3.4,2.4,11.1,47
28.6,33,23.2,83,0,4.2,6.3,11.1,26
31.5,37,25.7,83,0,2.9,1.3,22.2,174
31.3,36,25.3,84,0,3.5,2,14.8,135
31.8,37,25.8,74,0,4,5.4,14.8,62
31.7,37,26,84,0,3.9,2,13,121
26.8,34,22,47,0,3.4,12.2,20.6,120
